INSERT INTO Especialidad (Nombre) VALUES
('Alergología'),
('Anestesiología'),
('Angiología'),
('Cardiología'),
('Cirugía General'),
('Cirugía Pediátrica'),
('Cirugía Plástica'),
('Cirugía Torácica'),
('Dermatología'),
('Endocrinología'),
('Gastroenterología'),
('Genética Médica'),
('Geriatría'),
('Ginecología'),
('Hematología'),
('Infectología'),
('Medicina Familiar'),
('Medicina Interna'),
('Medicina Preventiva'),
('Nefrología'),
('Neumología'),
('Neurología'),
('Nutriología'),
('Obstetricia'),
('Oncología'),
('Ortopedia'),
('Otorrinolaringología'),
('Pediatría'),
('Psiquiatría'),
('Radiología'),
('Reumatología'),
('Urología'),
('Cirugía Vascular'),
('Endoscopía'),
('Neurocirugía'),
('Patología'),
('Toxicología'),
('Traumatología'),
('Urgencias Médicas'),
('Medicina del Deporte'),
('Medicina del Trabajo'),
('Neonatología'),
('Odontología'),
('Oftalmología'),
('Medicina Forense'),
('Medicina Física y Rehabilitación'),
('Medicina Nuclear'),
('Psicología Clínica'),
('Cirugía Maxilofacial'),
('Medicina Tropical'),
('Inmunología'),
('Medicina Intensiva'),
('Radioterapia'),
('Genómica Médica'),
('Ecocardiografía'),
('Fisioterapia'),
('Cirugía Cardiaca'),
('Endocrinología Pediátrica'),
('Farmacología Clínica'),
('Medicina Alternativa'),
('Terapia Intensiva'),
('Psicoterapia'),
('Bioquímica Clínica'),
('Medicina Espacial'),
('Medicina Legal'),
('Nutrición Clínica'),
('Oncología Pediátrica'),
('Patología Clínica'),
('Pediatría Neonatal'),
('Rehabilitación Cardíaca'),
('Reumatología Pediátrica'),
('Terapia Ocupacional'),
('Toxicología Clínica'),
('Urología Oncológica'),
('Medicina del Sueño'),
('Neuropsiquiatría'),
('Cirugía Endoscópica'),
('Fonoaudiología'),
('Medicina Preventiva y Social'),
('Cirugía General Pediátrica'),
('Radiología Intervencionista'),
('Cirugía Torácica Pediátrica'),
('Medicina Genómica'),
('Medicina Paliativa'),
('Medicina Clínica'),
('Dermatología Pediátrica'),
('Psicología Infantil'),
('Inmunohematología'),
('Hepatología'),
('Cardiología Pediátrica'),
('Cirugía Oncológica'),
('Medicina del Dolor'),
('Hematología Oncológica'),
('Gastroenterología Pediátrica'),
('Farmacología'),
('Medicina Acuática'),
('Medicina Rural'),
('Medicina Aeroespacial'),
('Medicina de Urgencias'),
('Medicina de Rehabilitación');
-------------------------------------------------------------2
INSERT INTO MetodoPago (Nombre) VALUES
('Efectivo'),
('Tarjeta de crédito'),
('Tarjeta de débito'),
('Cheque'),
('Transferencia bancaria'),
('Débito automático'),
('Pago móvil'),
('Pago en línea'),
('Crédito hospitalario'),
('Seguro privado'),
('Seguro público'),
('Convenio empresarial'),
('Tarjeta prepago'),
('Bono de salud'),
('Cupón descuento'),
('Pago en cuotas'),
('Pago anticipado'),
('Pago al contado'),
('Pago electrónico'),
('Tarjeta sanitaria'),
('Monedero electrónico'),
('PayPal'),
('Stripe'),
('Google Pay'),
('Apple Pay'),
('Samsung Pay'),
('Western Union'),
('MoneyGram'),
('Pago con QR'),
('Pago por SMS'),
('Vale de farmacia'),
('Cheque de viajero'),
('Cobro en factura'),
('Pago con puntos'),
('Pago con criptomonedas'),
('Tarjeta regalo'),
('Pago en efectivo contra entrega'),
('Pago por app móvil'),
('Pago por internet'),
('Pago con tarjeta virtual'),
('Pago con NFC'),
('Pago con código de barras'),
('Pago con transferencia internacional'),
('Pago en efectivo en sucursal'),
('Cobro a domicilio'),
('Pago en moneda extranjera'),
('Pago con tarjeta corporativa'),
('Pago con tarjeta de débito internacional'),
('Pago con tarjeta de crédito internacional'),
('Pago con billetera electrónica'),
('Pago en cajero automático'),
('Pago con tarjeta de fidelidad'),
('Pago con tarjeta de seguro'),
('Pago con tarjeta de salud'),
('Pago en centros autorizados'),
('Pago con plataforma digital'),
('Pago en efectivo en cajero automático'),
('Pago en efectivo en punto de venta'),
('Pago en efectivo en hospital'),
('Pago con tarjeta contactless'),
('Pago por transferencia bancaria nacional'),
('Pago en sistema interbancario'),
('Pago con tarjeta corporativa internacional'),
('Pago con transferencia interbancaria'),
('Pago con sistema de débito automático'),
('Pago en moneda local'),
('Pago con tarjeta de crédito corporativa'),
('Pago con tarjeta de débito corporativa'),
('Pago con tarjeta de regalo'),
('Pago con tarjeta electrónica'),
('Pago con plataforma móvil'),
('Pago con efectivo digital'),
('Pago con monedero virtual'),
('Pago por débito bancario'),
('Pago por crédito bancario'),
('Pago con billetera digital'),
('Pago con token de seguridad'),
('Pago con sistema de puntos'),
('Pago con descuento especial'),
('Pago en efectivo en farmacias'),
('Pago con sistema de cobro automático'),
('Pago con transferencia inmediata'),
('Pago con código QR dinámico'),
('Pago con cheque electrónico'),
('Pago con sistema biométrico'),
('Pago en efectivo en clínica'),
('Pago con aplicación bancaria'),
('Pago con monedero móvil'),
('Pago con tarjeta de crédito sin contacto'),
('Pago con tarjeta de débito sin contacto'),
('Pago con sistema digital seguro'),
('Pago con efectivo en terminal POS'),
('Pago con sistema de pago rápido'),
('Pago con billetera criptográfica'),
('Pago con sistema de validación electrónica'),
('Pago con cupón electrónico'),
('Pago con tarjeta de prepago hospitalaria'),
('Pago con sistema de pago remoto'),
('Pago con plataforma segura en línea'),
('Pago con sistema de facturación electrónica');
-----------------------------------------------------3
INSERT INTO TipoExamen (Nombre) VALUES
('Hemograma completo'),
('Perfil lipídico'),
('Glucosa en sangre'),
('Prueba de embarazo'),
('Electrocardiograma (ECG)'),
('Radiografía de tórax'),
('Ultrasonido abdominal'),
('Tomografía computarizada (TC)'),
('Resonancia magnética (RM)'),
('Prueba de función renal'),
('Prueba de función hepática'),
('Análisis de orina'),
('Cultivo de sangre'),
('Prueba de Papanicolaou'),
('Prueba de VIH'),
('Examen de esputo'),
('Biopsia'),
('Prueba de alergias'),
('Ecocardiograma'),
('Densitometría ósea'),
('Prueba de colesterol HDL'),
('Prueba de colesterol LDL'),
('Prueba de tiroides'),
('Prueba de anticuerpos'),
('Prueba de coagulación'),
('Gasometría arterial'),
('Prueba de esfuerzo'),
('Examen físico general'),
('Electroencefalograma (EEG)'),
('Prueba de audición'),
('Prueba de visión'),
('Examen de líquido cefalorraquídeo'),
('Prueba de toxinas'),
('Prueba de función pulmonar'),
('Biometría hemática'),
('Perfil hormonal'),
('Prueba de antígeno prostático'),
('Prueba de función pancreática'),
('Prueba de hepatitis B'),
('Prueba de hepatitis C'),
('Examen citológico'),
('Prueba de glucosa en ayunas'),
('Prueba de tolerancia a la glucosa'),
('Prueba de VIH por PCR'),
('Examen microbiológico'),
('Prueba de toxoplasmosis'),
('Prueba de sífilis'),
('Prueba de antígeno del virus papiloma humano (VPH)'),
('Examen de líquidos corporales'),
('Prueba de marcadores tumorales'),
('Prueba de vitamina D'),
('Prueba de función tiroidea'),
('Prueba de anticuerpos antinucleares'),
('Prueba de factor reumatoide'),
('Prueba de anticuerpos contra COVID-19'),
('Prueba de PCR para COVID-19'),
('Prueba de diagnóstico molecular'),
('Prueba de carga viral'),
('Prueba de anticuerpos IgG e IgM'),
('Prueba de equilibrio'),
('Prueba de función adrenal'),
('Prueba de función suprarrenal'),
('Prueba de densidad mineral ósea'),
('Prueba de función inmune'),
('Prueba de hemoglobina A1c'),
('Prueba de función pancreática exocrina'),
('Prueba de anticuerpos anti-DNA'),
('Prueba de alergia cutánea'),
('Prueba de anticuerpos anti-citrulina'),
('Prueba de espirometría'),
('Prueba de gasometría venosa'),
('Prueba de función renal en orina'),
('Prueba de antígeno de superficie del virus de la hepatitis B'),
('Prueba de antígeno del virus de la hepatitis C'),
('Prueba de análisis de electrolitos'),
('Prueba de excreción urinaria de calcio'),
('Prueba de análisis de líquido sinovial'),
('Prueba de anticuerpos anti-Ro y anti-La'),
('Prueba de anticuerpos anti-Sm'),
('Prueba de anticuerpos anti-fosfolípidos'),
('Prueba de anticuerpos anti-músculo liso'),
('Prueba de anticuerpos anti-mitocondriales'),
('Prueba de anticuerpos anti-tiroideos'),
('Prueba de función hepática con enzimas'),
('Prueba de función hepática con bilirrubinas'),
('Prueba de análisis de lípidos totales'),
('Prueba de conteo diferencial de leucocitos'),
('Prueba de análisis de orina completa'),
('Prueba de perfil renal completo'),
('Prueba de perfil hepático completo'),
('Prueba de análisis de glucosa postprandial'),
('Prueba de análisis de sangre oculta en heces'),
('Prueba de prueba cutánea de tuberculosis'),
('Prueba de prueba rápida de dengue'),
('Prueba de prueba rápida de malaria'),
('Prueba de prueba rápida de chikungunya'),
('Prueba de perfil metabólico'),
('Prueba de análisis de proteínas totales'),
('Prueba de análisis de ácido úrico'),
('Prueba de análisis de transferrina');
-----------------------------------------------------------4
INSERT INTO TipoContacto (Nombre) VALUES
('Teléfono fijo'),
('Teléfono móvil'),
('Correo electrónico personal'),
('Correo electrónico laboral'),
('Fax'),
('WhatsApp'),
('Telegram'),
('Skype'),
('Facebook Messenger'),
('LinkedIn'),
('Twitter'),
('Instagram'),
('Página web personal'),
('Página web profesional'),
('Dirección residencial'),
('Dirección laboral'),
('Dirección postal'),
('Número de emergencia'),
('Número alternativo'),
('Teléfono de oficina'),
('Número de contacto secundario'),
('Número de contacto terciario'),
('Teléfono de contacto familiar'),
('Teléfono de contacto médico'),
('Número de contacto de laboratorio'),
('Número de contacto de farmacia'),
('Número de contacto de aseguradora'),
('Número de contacto de servicio social'),
('Número de contacto de admisión'),
('Número de contacto de facturación'),
('Número de contacto de emergencias'),
('Número de contacto de soporte técnico'),
('Número de contacto de administración'),
('Número de contacto de transporte'),
('Número de contacto de seguridad'),
('Número de contacto de personal de limpieza'),
('Número de contacto de mantenimiento'),
('Número de contacto de servicio al cliente'),
('Número de contacto de citas'),
('Número de contacto de enfermería'),
('Número de contacto de nutrición'),
('Número de contacto de terapia física'),
('Número de contacto de psicología'),
('Número de contacto de radiología'),
('Número de contacto de laboratorio clínico'),
('Número de contacto de farmacia hospitalaria'),
('Número de contacto de terapia ocupacional'),
('Número de contacto de cuidados intensivos'),
('Número de contacto de rehabilitación'),
('Número de contacto de anestesiología'),
('Número de contacto de cardiología'),
('Número de contacto de dermatología'),
('Número de contacto de endocrinología'),
('Número de contacto de gastroenterología'),
('Número de contacto de neurología'),
('Número de contacto de obstetricia'),
('Número de contacto de oncología'),
('Número de contacto de oftalmología'),
('Número de contacto de ortopedia'),
('Número de contacto de otorrinolaringología'),
('Número de contacto de pediatría'),
('Número de contacto de psiquiatría'),
('Número de contacto de radioterapia'),
('Número de contacto de reumatología'),
('Número de contacto de cirugía general'),
('Número de contacto de cirugía plástica'),
('Número de contacto de urología'),
('Número de contacto de medicina familiar'),
('Número de contacto de medicina interna'),
('Número de contacto de medicina preventiva'),
('Número de contacto de medicina laboral'),
('Número de contacto de medicina deportiva'),
('Número de contacto de medicina forense'),
('Número de contacto de medicina nuclear'),
('Número de contacto de medicina tropical'),
('Número de contacto de medicina intensiva'),
('Número de contacto de medicina paliativa'),
('Número de contacto de medicina del sueño'),
('Número de contacto de medicina legal'),
('Número de contacto de medicina física y rehabilitación'),
('Número de contacto de cirugía torácica'),
('Número de contacto de cirugía vascular'),
('Número de contacto de neurocirugía'),
('Número de contacto de neonatología'),
('Número de contacto de anestesia'),
('Número de contacto de urgencias'),
('Número de contacto de hospitalización'),
('Número de contacto de servicios generales'),
('Número de contacto de administración hospitalaria'),
('Número de contacto de recursos humanos'),
('Número de contacto de informática hospitalaria'),
('Número de contacto de comunicación institucional'),
('Número de contacto de atención al paciente'),
('Número de contacto de voluntariado'),
('Número de contacto de educación médica'),
('Número de contacto de soporte psicológico'),
('Número de contacto de servicios sociales'),
('Número de contacto de coordinación médica'),
('Número de contacto de emergencia infantil'),
('Número de contacto de servicios de alimentación');

------------------------------------------------------------------5
INSERT INTO Contacto (Numero, ID_TipoContacto) VALUES
('+591 71234567', 1),
('+591 71234568', 2),
('juan.perez@gmail.com', 3),
('juan.perez@trabajo.com', 4),
('+591 71234569', 1),
('+591 71234570', 2),
('maria.lopez@gmail.com', 3),
('maria.lopez@trabajo.com', 4),
('+591 71234571', 1),
('+591 71234572', 2),
('soporte@hospital.com', 9),
('ventas@hospital.com', 10),
('+591 71234573', 1),
('+591 71234574', 2),
('citas@hospital.com', 11),
('emergencias@hospital.com', 12),
('+591 71234575', 1),
('+591 71234576', 2),
('info@hospital.com', 13),
('contacto@hospital.com', 14),
('+591 71234577', 1),
('+591 71234578', 2),
('secretaria@hospital.com', 15),
('direccion@hospital.com', 16),
('+591 71234579', 1),
('+591 71234580', 2),
('rrhh@hospital.com', 17),
('finanzas@hospital.com', 18),
('+591 71234581', 1),
('+591 71234582', 2),
('logistica@hospital.com', 19),
('compras@hospital.com', 20),
('+591 71234583', 1),
('+591 71234584', 2),
('soporte.tecnico@hospital.com', 21),
('sistemas@hospital.com', 22),
('+591 71234585', 1),
('+591 71234586', 2),
('info@clinica.com', 23),
('contacto@clinica.com', 24),
('+591 71234587', 1),
('+591 71234588', 2),
('atencion@clinica.com', 25),
('emergencias@clinica.com', 26),
('+591 71234589', 1),
('+591 71234590', 2),
('citas@clinica.com', 27),
('soporte@clinica.com', 28),
('+591 71234591', 1),
('+591 71234592', 2),
('ventas@clinica.com', 29),
('rrhh@clinica.com', 30),
('+591 71234593', 1),
('+591 71234594', 2),
('finanzas@clinica.com', 31),
('compras@clinica.com', 32),
('+591 71234595', 1),
('+591 71234596', 2),
('contacto@hospitalprivado.com', 33),
('soporte@hospitalprivado.com', 34),
('+591 71234597', 1),
('+591 71234598', 2),
('info@hospitalprivado.com', 35),
('atencion@hospitalprivado.com', 36),
('+591 71234599', 1),
('+591 71234600', 2),
('citas@hospitalprivado.com', 37),
('emergencias@hospitalprivado.com', 38),
('+591 71234601', 1),
('+591 71234602', 2),
('ventas@hospitalprivado.com', 39),
('rrhh@hospitalprivado.com', 40),
('+591 71234603', 1),
('+591 71234604', 2),
('finanzas@hospitalprivado.com', 41),
('compras@hospitalprivado.com', 42),
('+591 71234605', 1),
('+591 71234606', 2),
('contacto@medicos.com', 43),
('soporte@medicos.com', 44),
('+591 71234607', 1),
('+591 71234608', 2),
('info@medicos.com', 45),
('atencion@medicos.com', 46),
('+591 71234609', 1),
('+591 71234610', 2),
('citas@medicos.com', 47),
('emergencias@medicos.com', 48),
('+591 71234611', 1),
('+591 71234612', 2),
('soporte@hospitalcentral.com', 49),
('info@hospitalcentral.com', 50),
('+591 71234613', 1),
('+591 71234614', 2),
('contacto@hospitalcentral.com', 51),
('atencion@hospitalcentral.com', 52),
('+591 71234615', 1),
('emergencias@hospitalcentral.com', 53),
('ventas@hospitalcentral.com', 54),
('rrhh@hospitalcentral.com', 55);

--------------------------------------------------------------------6

INSERT INTO Persona (Ci, Nombre, ApellidoPaterno, ApellidoMaterno, Genero) VALUES
('12345678', 'Juan', 'Pérez', 'García', 'Masculino'),
('23456789', 'María', 'Rodríguez', 'López', 'Femenino'),
('34567890', 'Carlos', 'González', 'Martínez', 'Masculino'),
('45678901', 'Ana', 'Fernández', 'Sánchez', 'Femenino'),
('56789012', 'Luis', 'Ramírez', 'Díaz', 'Masculino'),
('67890123', 'Sofía', 'Torres', 'Castillo', 'Femenino'),
('78901234', 'Pedro', 'Vargas', 'Flores', 'Masculino'),
('89012345', 'Lucía', 'Mendoza', 'Rojas', 'Femenino'),
('90123456', 'Jorge', 'Castro', 'Alvarez', 'Masculino'),
('01234567', 'Elena', 'Silva', 'Gómez', 'Femenino'),
('11223344', 'Ricardo', 'Cruz', 'Morales', 'Masculino'),
('22334455', 'Isabel', 'Ramírez', 'Núñez', 'Femenino'),
('33445566', 'Miguel', 'Ortiz', 'Pérez', 'Masculino'),
('44556677', 'Laura', 'Gómez', 'Vargas', 'Femenino'),
('55667788', 'Andrés', 'Flores', 'Jiménez', 'Masculino'),
('66778899', 'Patricia', 'Hernández', 'Ruiz', 'Femenino'),
('77889900', 'Fernando', 'Santos', 'Molina', 'Masculino'),
('88990011', 'Marta', 'Díaz', 'Soto', 'Femenino'),
('99001122', 'Javier', 'Reyes', 'Campos', 'Masculino'),
('00112233', 'Carmen', 'Castillo', 'Salazar', 'Femenino'),
('10101010', 'Diego', 'Herrera', 'Paredes', 'Masculino'),
('20202020', 'Elisa', 'Suárez', 'Mendoza', 'Femenino'),
('30303030', 'Manuel', 'Jiménez', 'Torres', 'Masculino'),
('40404040', 'Verónica', 'Navarro', 'García', 'Femenino'),
('50505050', 'Alberto', 'Romero', 'López', 'Masculino'),
('60606060', 'Gabriela', 'Vargas', 'Díaz', 'Femenino'),
('70707070', 'Esteban', 'Morales', 'Flores', 'Masculino'),
('80808080', 'Natalia', 'Silva', 'Jiménez', 'Femenino'),
('90909090', 'Raúl', 'Castro', 'Soto', 'Masculino'),
('12121212', 'Sandra', 'Gómez', 'Paredes', 'Femenino'),
('13131313', 'Pablo', 'Ortiz', 'Navarro', 'Masculino'),
('14141414', 'Julia', 'Ramírez', 'Morales', 'Femenino'),
('15151515', 'Joaquín', 'Fernández', 'Ruiz', 'Masculino'),
('16161616', 'Lorena', 'Santos', 'Salazar', 'Femenino'),
('17171717', 'Sergio', 'Díaz', 'Campos', 'Masculino'),
('18181818', 'Mónica', 'Reyes', 'Vargas', 'Femenino'),
('19191919', 'Adrián', 'Castillo', 'Paredes', 'Masculino'),
('20212121', 'Carolina', 'Herrera', 'López', 'Femenino'),
('21212121', 'Emilio', 'Suárez', 'Torres', 'Masculino'),
('22222222', 'Valeria', 'Jiménez', 'García', 'Femenino'),
('23232323', 'Óscar', 'Navarro', 'Díaz', 'Masculino'),
('24242424', 'Lorena', 'Romero', 'Flores', 'Femenino'),
('25252525', 'Javier', 'Vargas', 'Jiménez', 'Masculino'),
('26262626', 'Silvia', 'Morales', 'Soto', 'Femenino'),
('27272727', 'Ricardo', 'Silva', 'Campos', 'Masculino'),
('28282828', 'Natalia', 'Castro', 'Paredes', 'Femenino'),
('29292929', 'Fernando', 'Gómez', 'López', 'Masculino'),
('30303031', 'Marina', 'Ortiz', 'Torres', 'Femenino'),
('31313131', 'Andrés', 'Ramírez', 'Navarro', 'Masculino'),
('32323232', 'Claudia', 'Fernández', 'Morales', 'Femenino'),
('33333333', 'Diego', 'Santos', 'Jiménez', 'Masculino'),
('34343434', 'Sofía', 'Díaz', 'Salazar', 'Femenino'),
('35353535', 'Pablo', 'Reyes', 'Campos', 'Masculino'),
('36363636', 'Gabriela', 'Castillo', 'Paredes', 'Femenino'),
('37373737', 'Jorge', 'Herrera', 'López', 'Masculino'),
('38383838', 'Lorena', 'Suárez', 'Torres', 'Femenino'),
('39393939', 'Andrés', 'Jiménez', 'García', 'Masculino'),
('40414141', 'Valeria', 'Navarro', 'Díaz', 'Femenino'),
('41414141', 'Sergio', 'Romero', 'Flores', 'Masculino'),
('42424242', 'Natalia', 'Vargas', 'Jiménez', 'Femenino'),
('43434343', 'Javier', 'Morales', 'Soto', 'Masculino'),
('44444444', 'Sandra', 'Silva', 'Campos', 'Femenino'),
('45454545', 'Ricardo', 'Castro', 'Paredes', 'Masculino'),
('46464646', 'Marina', 'Gómez', 'López', 'Femenino'),
('47474747', 'Diego', 'Ortiz', 'Torres', 'Masculino'),
('48484848', 'Gabriela', 'Ramírez', 'Navarro', 'Femenino'),
('49494949', 'Jorge', 'Fernández', 'Morales', 'Masculino'),
('50505051', 'Claudia', 'Santos', 'Jiménez', 'Femenino'),
('51515151', 'Pablo', 'Díaz', 'Salazar', 'Masculino'),
('52525252', 'Valeria', 'Reyes', 'Campos', 'Femenino'),
('53535353', 'Javier', 'Castillo', 'Paredes', 'Masculino'),
('54545454', 'Natalia', 'Herrera', 'López', 'Femenino'),
('55555555', 'Sergio', 'Suárez', 'Torres', 'Masculino'),
('56565656', 'Sandra', 'Jiménez', 'García', 'Femenino'),
('57575757', 'Ricardo', 'Navarro', 'Díaz', 'Masculino'),
('58585858', 'Gabriela', 'Romero', 'Flores', 'Femenino'),
('59595959', 'Jorge', 'Vargas', 'Jiménez', 'Masculino'),
('60606061', 'Natalia', 'Morales', 'Soto', 'Femenino'),
('61616161', 'Diego', 'Silva', 'Campos', 'Masculino'),
('62626262', 'Valeria', 'Castro', 'Paredes', 'Femenino'),
('63636363', 'Javier', 'Gómez', 'López', 'Masculino'),
('64646464', 'Sandra', 'Ortiz', 'Torres', 'Femenino'),
('65656565', 'Ricardo', 'Ramírez', 'Navarro', 'Masculino'),
('66666666', 'Gabriela', 'Fernández', 'Morales', 'Femenino'),
('67676767', 'Jorge', 'Santos', 'Jiménez', 'Masculino'),
('68686868', 'Natalia', 'Díaz', 'Salazar', 'Femenino'),
('69696969', 'Diego', 'Reyes', 'Campos', 'Masculino'),
('70707071', 'Sandra', 'Castillo', 'Paredes', 'Femenino'),
('71717171', 'Ricardo', 'Herrera', 'López', 'Masculino'),
('72727272', 'Gabriela', 'Suárez', 'Torres', 'Femenino'),
('73737373', 'Jorge', 'Jiménez', 'García', 'Masculino'),
('74747474', 'Natalia', 'Navarro', 'Díaz', 'Femenino'),
('75757575', 'Diego', 'Romero', 'Flores', 'Masculino'),
('76767676', 'Sandra', 'Vargas', 'Jiménez', 'Femenino'),
('77777777', 'Ricardo', 'Morales', 'Soto', 'Masculino'),
('78787878', 'Gabriela', 'Silva', 'Campos', 'Femenino'),
('83838383', 'Marcos', 'Fernández', 'Pérez', 'Masculino'),
('84848484', 'Carolina', 'Gómez', 'López', 'Femenino'),
('85858585', 'Ricardo', 'Martínez', 'Soto', 'Masculino'),
('86868686', 'Paola', 'Ramírez', 'Castillo', 'Femenino');
------------------------------------------------------------------------------7
INSERT INTO PersonaContacto (ID_Persona, ID_Contacto, FechaInicio, FechaFin) VALUES
(1, 1, '2022-01-01', NULL),
(1, 2, '2022-01-01', NULL),
(2, 3, '2022-02-15', NULL),
(2, 4, '2022-02-15', NULL),
(3, 5, '2021-12-10', NULL),
(3, 6, '2021-12-10', NULL),
(4, 7, '2022-03-01', NULL),
(4, 8, '2022-03-01', NULL),
(5, 9, '2022-04-05', NULL),
(5, 10, '2022-04-05', NULL),
(6, 11, '2022-05-10', NULL),
(6, 12, '2022-05-10', NULL),
(7, 13, '2022-06-15', NULL),
(7, 14, '2022-06-15', NULL),
(8, 15, '2022-07-20', NULL),
(8, 16, '2022-07-20', NULL),
(9, 17, '2022-08-25', NULL),
(9, 18, '2022-08-25', NULL),
(10, 19, '2022-09-30', NULL),
(10, 20, '2022-09-30', NULL),
(11, 21, '2022-10-05', NULL),
(11, 22, '2022-10-05', NULL),
(12, 23, '2022-11-10', NULL),
(12, 24, '2022-11-10', NULL),
(13, 25, '2022-12-15', NULL),
(13, 26, '2022-12-15', NULL),
(14, 27, '2023-01-20', NULL),
(14, 28, '2023-01-20', NULL),
(15, 29, '2023-02-25', NULL),
(15, 30, '2023-02-25', NULL),
(16, 31, '2023-03-30', NULL),
(16, 32, '2023-03-30', NULL),
(17, 33, '2023-04-05', NULL),
(17, 34, '2023-04-05', NULL),
(18, 35, '2023-05-10', NULL),
(18, 36, '2023-05-10', NULL),
(19, 37, '2023-06-15', NULL),
(19, 38, '2023-06-15', NULL),
(20, 39, '2023-07-20', NULL),
(20, 40, '2023-07-20', NULL),
(21, 41, '2023-08-25', NULL),
(21, 42, '2023-08-25', NULL),
(22, 43, '2023-09-30', NULL),
(22, 44, '2023-09-30', NULL),
(23, 45, '2023-10-05', NULL),
(23, 46, '2023-10-05', NULL),
(24, 47, '2023-11-10', NULL),
(24, 48, '2023-11-10', NULL),
(25, 49, '2023-12-15', NULL),
(25, 50, '2023-12-15', NULL),
(26, 51, '2024-01-20', NULL),
(26, 52, '2024-01-20', NULL),
(27, 53, '2024-02-25', NULL),
(27, 54, '2024-02-25', NULL),
(28, 55, '2024-03-30', NULL),
(28, 56, '2024-03-30', NULL),
(29, 57, '2024-04-05', NULL),
(29, 58, '2024-04-05', NULL),
(30, 59, '2024-05-10', NULL),
(30, 60, '2024-05-10', NULL),
(31, 61, '2024-06-15', NULL),
(31, 62, '2024-06-15', NULL),
(32, 63, '2024-07-20', NULL),
(32, 64, '2024-07-20', NULL),
(33, 65, '2024-08-25', NULL),
(33, 66, '2024-08-25', NULL),
(34, 67, '2024-09-30', NULL),
(34, 68, '2024-09-30', NULL),
(35, 69, '2024-10-05', NULL),
(35, 70, '2024-10-05', NULL),
(36, 71, '2024-11-10', NULL),
(36, 72, '2024-11-10', NULL),
(37, 73, '2024-12-15', NULL),
(37, 74, '2024-12-15', NULL),
(38, 75, '2025-01-20', NULL),
(38, 76, '2025-01-20', NULL),
(39, 77, '2025-02-25', NULL),
(39, 78, '2025-02-25', NULL),
(40, 79, '2025-03-30', NULL),
(40, 80, '2025-03-30', NULL),
(41, 81, '2025-04-05', NULL),
(41, 82, '2025-04-05', NULL),
(42, 83, '2025-05-10', NULL),
(42, 84, '2025-05-10', NULL),
(43, 85, '2025-06-15', NULL),
(43, 86, '2025-06-15', NULL),
(44, 87, '2025-07-20', NULL),
(44, 88, '2025-07-20', NULL),
(45, 89, '2025-08-25', NULL),
(45, 90, '2025-08-25', NULL),
(46, 91, '2025-09-30', NULL),
(46, 92, '2025-09-30', NULL),
(47, 93, '2025-10-05', NULL),
(47, 94, '2025-10-05', NULL),
(48, 95, '2025-11-10', NULL),
(48, 96, '2025-11-10', NULL),
(49, 97, '2025-12-15', NULL),
(49, 98, '2025-12-15', NULL),
(50, 99, '2026-01-20', NULL),
(50, 100, '2026-01-20', NULL);
-------------------------------------------------------------------------------8
INSERT INTO Turno (Nombre, HoraInicio, HoraFin) VALUES
('Mañana 1', '06:00:00', '12:00:00'),
('Mañana 2', '07:00:00', '13:00:00'),
('Mañana 3', '08:00:00', '14:00:00'),
('Mañana 4', '05:30:00', '11:30:00'),
('Mañana 5', '06:30:00', '12:30:00'),
('Mañana 6', '07:30:00', '13:30:00'),
('Mañana 7', '08:30:00', '14:30:00'),
('Tarde 1', '12:00:00', '18:00:00'),
('Tarde 2', '13:00:00', '19:00:00'),
('Tarde 3', '14:00:00', '20:00:00'),
('Tarde 4', '12:30:00', '18:30:00'),
('Tarde 5', '13:30:00', '19:30:00'),
('Tarde 6', '14:30:00', '20:30:00'),
('Noche 1', '18:00:00', '00:00:00'),
('Noche 2', '19:00:00', '01:00:00'),
('Noche 3', '20:00:00', '02:00:00'),
('Noche 4', '18:30:00', '00:30:00'),
('Noche 5', '19:30:00', '01:30:00'),
('Noche 6', '20:30:00', '02:30:00'),
('Mañana 8', '05:00:00', '11:00:00'),
('Mañana 9', '06:15:00', '12:15:00'),
('Mañana 10', '07:15:00', '13:15:00'),
('Mañana 11', '08:15:00', '14:15:00'),
('Tarde 7', '12:15:00', '18:15:00'),
('Tarde 8', '13:15:00', '19:15:00'),
('Tarde 9', '14:15:00', '20:15:00'),
('Noche 7', '18:15:00', '00:15:00'),
('Noche 8', '19:15:00', '01:15:00'),
('Noche 9', '20:15:00', '02:15:00'),
('Mañana 12', '05:45:00', '11:45:00'),
('Mañana 13', '06:45:00', '12:45:00'),
('Mañana 14', '07:45:00', '13:45:00'),
('Tarde 10', '12:45:00', '18:45:00'),
('Tarde 11', '13:45:00', '19:45:00'),
('Tarde 12', '14:45:00', '20:45:00'),
('Noche 10', '18:45:00', '00:45:00'),
('Noche 11', '19:45:00', '01:45:00'),
('Noche 12', '20:45:00', '02:45:00'),
('Mañana 15', '05:10:00', '11:10:00'),
('Mañana 16', '06:10:00', '12:10:00'),
('Mañana 17', '07:10:00', '13:10:00'),
('Tarde 13', '12:10:00', '18:10:00'),
('Tarde 14', '13:10:00', '19:10:00'),
('Tarde 15', '14:10:00', '20:10:00'),
('Noche 13', '18:10:00', '00:10:00'),
('Noche 14', '19:10:00', '01:10:00'),
('Noche 15', '20:10:00', '02:10:00'),
('Mañana 18', '05:20:00', '11:20:00'),
('Mañana 19', '06:20:00', '12:20:00'),
('Mañana 20', '07:20:00', '13:20:00'),
('Tarde 16', '12:20:00', '18:20:00'),
('Tarde 17', '13:20:00', '19:20:00'),
('Tarde 18', '14:20:00', '20:20:00'),
('Noche 16', '18:20:00', '00:20:00'),
('Noche 17', '19:20:00', '01:20:00'),
('Noche 18', '20:20:00', '02:20:00'),
('Mañana 21', '05:40:00', '11:40:00'),
('Mañana 22', '06:40:00', '12:40:00'),
('Mañana 23', '07:40:00', '13:40:00'),
('Tarde 19', '12:40:00', '18:40:00'),
('Tarde 20', '13:40:00', '19:40:00'),
('Tarde 21', '14:40:00', '20:40:00'),
('Noche 19', '18:40:00', '00:40:00'),
('Noche 20', '19:40:00', '01:40:00'),
('Noche 21', '20:40:00', '02:40:00'),
('Mañana 24', '05:50:00', '11:50:00'),
('Mañana 25', '06:50:00', '12:50:00'),
('Mañana 26', '07:50:00', '13:50:00'),
('Tarde 22', '12:50:00', '18:50:00'),
('Tarde 23', '13:50:00', '19:50:00'),
('Tarde 24', '14:50:00', '20:50:00'),
('Noche 22', '18:50:00', '00:50:00'),
('Noche 23', '19:50:00', '01:50:00'),
('Noche 24', '20:50:00', '02:50:00'),
('Mañana 27', '05:55:00', '11:55:00'),
('Mañana 28', '06:55:00', '12:55:00'),
('Mañana 29', '07:55:00', '13:55:00'),
('Tarde 25', '12:55:00', '18:55:00'),
('Tarde 26', '13:55:00', '19:55:00'),
('Tarde 27', '14:55:00', '20:55:00'),
('Noche 25', '18:55:00', '00:55:00'),
('Noche 26', '19:55:00', '01:55:00'),
('Noche 27', '20:55:00', '02:55:00'),
('Mañana 30', '05:05:00', '11:05:00'),
('Mañana 31', '06:05:00', '12:05:00'),
('Mañana 32', '07:05:00', '13:05:00'),
('Tarde 28', '12:05:00', '18:05:00'),
('Tarde 29', '13:05:00', '19:05:00'),
('Tarde 30', '14:05:00', '20:05:00'),
('Noche 28', '18:05:00', '00:05:00'),
('Noche 29', '19:05:00', '01:05:00'),
('Noche 30', '20:05:00', '02:05:00'),
('Turno Extra 31', '06:25:00', '12:25:00'),
('Turno Extra 32', '07:25:00', '13:25:00'),
('Turno Extra 33', '08:25:00', '14:25:00'),
('Turno Extra 34', '12:25:00', '18:25:00'),
('Turno Extra 35', '13:25:00', '19:25:00'),
('Turno Extra 36', '14:25:00', '20:25:00'),
('Turno Extra 37', '18:25:00', '00:25:00'),
('Turno Extra 38', '19:25:00', '01:25:00');
--------------------------------------------------------9
INSERT INTO PersonalMedico (ID_Persona, ID_Especialidad, ID_Turno) VALUES
(1, 1, 1),
(2, 2, 2),
(3, 3, 3),
(4, 4, 4),
(5, 5, 5),
(6, 6, 6),
(7, 7, 7),
(8, 8, 8),
(9, 9, 9),
(10, 10, 10),
(11, 1, 11),
(12, 2, 12),
(13, 3, 13),
(14, 4, 14),
(15, 5, 15),
(16, 6, 16),
(17, 7, 17),
(18, 8, 18),
(19, 9, 19),
(20, 10, 20),
(21, 1, 21),
(22, 2, 22),
(23, 3, 23),
(24, 4, 24),
(25, 5, 25),
(26, 6, 26),
(27, 7, 27),
(28, 8, 28),
(29, 9, 29),
(30, 10, 30),
(31, 1, 31),
(32, 2, 32),
(33, 3, 33),
(34, 4, 34),
(35, 5, 35),
(36, 6, 36),
(37, 7, 37),
(38, 8, 38),
(39, 9, 1),
(40, 10, 2),
(41, 1, 3),
(42, 2, 4),
(43, 3, 5),
(44, 4, 6),
(45, 5, 7),
(46, 6, 8),
(47, 7, 9),
(48, 8, 10),
(49, 9, 11),
(50, 10, 12),
(51, 1, 13),
(52, 2, 14),
(53, 3, 15),
(54, 4, 16),
(55, 5, 17),
(56, 6, 18),
(57, 7, 19),
(58, 8, 20),
(59, 9, 21),
(60, 10, 22),
(61, 1, 23),
(62, 2, 24),
(63, 3, 25),
(64, 4, 26),
(65, 5, 27),
(66, 6, 28),
(67, 7, 29),
(68, 8, 30),
(69, 9, 31),
(70, 10, 32),
(71, 1, 33),
(72, 2, 34),
(73, 3, 35),
(74, 4, 36),
(75, 5, 37),
(76, 6, 38),
(77, 7, 1),
(78, 8, 2),
(79, 9, 3),
(80, 10, 4),
(81, 1, 5),
(82, 2, 6),
(83, 3, 7),
(84, 4, 8),
(85, 5, 9),
(86, 6, 10),
(87, 7, 11),
(88, 8, 12),
(89, 9, 13),
(90, 10, 14),
(91, 1, 15),
(92, 2, 16),
(93, 3, 17),
(94, 4, 18),
(95, 5, 19),
(96, 6, 20),
(97, 7, 21),
(98, 8, 22),
(99, 9, 23),
(100, 10, 24);
---------------------------------------------------------------10
INSERT INTO Contratacion (ID_PersonalMedico, FechaInicio, Salario, FechaFin) VALUES
(1, '2021-01-01', 4500.00, NULL),
(2, '2021-02-01', 4600.00, NULL),
(3, '2021-03-01', 4700.00, NULL),
(4, '2021-04-01', 4800.00, NULL),
(5, '2021-05-01', 4900.00, NULL),
(6, '2021-06-01', 5000.00, NULL),
(7, '2021-07-01', 5100.00, NULL),
(8, '2021-08-01', 5200.00, NULL),
(9, '2021-09-01', 5300.00, NULL),
(10, '2021-10-01', 5400.00, NULL),
(11, '2021-11-01', 5500.00, NULL),
(12, '2021-12-01', 5600.00, NULL),
(13, '2022-01-01', 5700.00, NULL),
(14, '2022-02-01', 5800.00, NULL),
(15, '2022-03-01', 5900.00, NULL),
(16, '2022-04-01', 6000.00, NULL),
(17, '2022-05-01', 6100.00, NULL),
(18, '2022-06-01', 6200.00, NULL),
(19, '2022-07-01', 6300.00, NULL),
(20, '2022-08-01', 6400.00, NULL),
(21, '2022-09-01', 4500.00, NULL),
(22, '2022-10-01', 4600.00, NULL),
(23, '2022-11-01', 4700.00, NULL),
(24, '2022-12-01', 4800.00, NULL),
(25, '2023-01-01', 4900.00, NULL),
(26, '2023-02-01', 5000.00, NULL),
(27, '2023-03-01', 5100.00, NULL),
(28, '2023-04-01', 5200.00, NULL),
(29, '2023-05-01', 5300.00, NULL),
(30, '2023-06-01', 5400.00, NULL),
(31, '2023-07-01', 5500.00, NULL),
(32, '2023-08-01', 5600.00, NULL),
(33, '2023-09-01', 5700.00, NULL),
(34, '2023-10-01', 5800.00, NULL),
(35, '2023-11-01', 5900.00, NULL),
(36, '2023-12-01', 6000.00, NULL),
(37, '2024-01-01', 6100.00, NULL),
(38, '2024-02-01', 6200.00, NULL),
(39, '2024-03-01', 6300.00, NULL),
(40, '2024-04-01', 6400.00, NULL),
(41, '2024-05-01', 4500.00, NULL),
(42, '2024-06-01', 4600.00, NULL),
(43, '2024-07-01', 4700.00, NULL),
(44, '2024-08-01', 4800.00, NULL),
(45, '2024-09-01', 4900.00, NULL),
(46, '2024-10-01', 5000.00, NULL),
(47, '2024-11-01', 5100.00, NULL),
(48, '2024-12-01', 5200.00, NULL),
(49, '2025-01-01', 5300.00, NULL),
(50, '2025-02-01', 5400.00, NULL),
(51, '2021-01-01', 4500.00, '2022-01-01'),
(52, '2021-02-01', 4600.00, '2022-02-01'),
(53, '2021-03-01', 4700.00, '2022-03-01'),
(54, '2021-04-01', 4800.00, '2022-04-01'),
(55, '2021-05-01', 4900.00, '2022-05-01'),
(56, '2021-06-01', 5000.00, '2022-06-01'),
(57, '2021-07-01', 5100.00, '2022-07-01'),
(58, '2021-08-01', 5200.00, '2022-08-01'),
(59, '2021-09-01', 5300.00, '2022-09-01'),
(60, '2021-10-01', 5400.00, '2022-10-01'),
(61, '2021-11-01', 5500.00, '2022-11-01'),
(62, '2021-12-01', 5600.00, '2022-12-01'),
(63, '2022-01-01', 5700.00, '2023-01-01'),
(64, '2022-02-01', 5800.00, '2023-02-01'),
(65, '2022-03-01', 5900.00, '2023-03-01'),
(66, '2022-04-01', 6000.00, '2023-04-01'),
(67, '2022-05-01', 6100.00, '2023-05-01'),
(68, '2022-06-01', 6200.00, '2023-06-01'),
(69, '2022-07-01', 6300.00, '2023-07-01'),
(70, '2022-08-01', 6400.00, '2023-08-01'),
(71, '2022-09-01', 4500.00, '2023-09-01'),
(72, '2022-10-01', 4600.00, '2023-10-01'),
(73, '2022-11-01', 4700.00, '2023-11-01'),
(74, '2022-12-01', 4800.00, '2023-12-01'),
(75, '2023-01-01', 4900.00, '2024-01-01'),
(76, '2023-02-01', 5000.00, '2024-02-01'),
(77, '2023-03-01', 5100.00, '2024-03-01'),
(78, '2023-04-01', 5200.00, '2024-04-01'),
(79, '2023-05-01', 5300.00, '2024-05-01'),
(80, '2023-06-01', 5400.00, '2024-06-01'),
(81, '2023-07-01', 5500.00, '2024-07-01'),
(82, '2023-08-01', 5600.00, '2024-08-01'),
(83, '2023-09-01', 5700.00, '2024-09-01'),
(84, '2023-10-01', 5800.00, '2024-10-01'),
(85, '2023-11-01', 5900.00, '2024-11-01'),
(86, '2023-12-01', 6000.00, '2024-12-01'),
(87, '2024-01-01', 6100.00, '2025-01-01'),
(88, '2024-02-01', 6200.00, '2025-02-01'),
(89, '2024-03-01', 6300.00, '2025-03-01'),
(90, '2024-04-01', 6400.00, '2025-04-01'),
(91, '2024-05-01', 4500.00, '2025-05-01'),
(92, '2024-06-01', 4600.00, '2025-06-01'),
(93, '2024-07-01', 4700.00, '2025-07-01'),
(94, '2024-08-01', 4800.00, '2025-08-01'),
(95, '2024-09-01', 4900.00, '2025-09-01'),
(96, '2024-10-01', 5000.00, '2025-10-01'),
(97, '2024-11-01', 5100.00, '2025-11-01'),
(98, '2024-12-01', 5200.00, '2025-12-01'),
(99, '2025-01-01', 5300.00, '2026-01-01'),
(100, '2025-02-01', 5400.00, '2026-02-01');


-----------------------------------------------------------------------11
INSERT INTO Unidad (Nombre) VALUES
('Miligramos'),
('Gramos'),
('Kilogramos'),
('Mililitros'),
('Litros'),
('Unidades'),
('Cápsulas'),
('Tabletas'),
('Pastillas'),
('Inyecciones'),
('Ampollas'),
('Frascos'),
('Comprimidos'),
('Dosis'),
('Paquetes'),
('Sobres'),
('Sprays'),
('Gotas'),
('Parches'),
('Tubos'),
('Tiras'),
('Inhaladores'),
('Botellas'),
('Bolsas'),
('Cajas'),
('Cartuchos'),
('Viales'),
('Pipetas'),
('Aerosoles'),
('Cucharadas'),
('Medidores'),
('Servicios de Emergencia'),
('Servicios de Pediatría'),
('Servicios de Ginecología'),
('Servicios de Cardiología'),
('Sala de Espera'),
('Sala de Reanimación'),
('Quirófano 1'),
('Quirófano 2'),
('Quirófano 3'),
('Box de Urgencias'),
('Unidad de Cuidados Intensivos'),
('Unidad de Neonatología'),
('Unidad de Oncología'),
('Unidad de Nefrología'),
('Unidad de Hemodiálisis'),
('Unidad de Psiquiatría'),
('Unidad de Infectología'),
('Unidad de Traumatología'),
('Unidad de Dermatología'),
('Unidad de Gastroenterología'),
('Unidad de Oftalmología'),
('Unidad de Otorrinolaringología'),
('Unidad de Endocrinología'),
('Unidad de Medicina Interna'),
('Unidad de Cirugía General'),
('Unidad de Neumología'),
('Unidad de Urología'),
('Unidad de Hematología'),
('Unidad de Terapia Intensiva'),
('Unidad de Terapia Intermedia'),
('Unidad de Radiología'),
('Unidad de Imagenología'),
('Unidad de Laboratorio'),
('Unidad de Farmacia'),
('Unidad de Esterilización'),
('Unidad de Nutrición'),
('Unidad de Kinesiología'),
('Unidad de Rehabilitación'),
('Unidad de Psicología'),
('Unidad de Trabajo Social'),
('Unidad de Admisión'),
('Unidad de Archivo Clínico'),
('Unidad de Limpieza'),
('Unidad de Lavandería'),
('Unidad de Mantenimiento'),
('Unidad de Seguridad'),
('Unidad de Administración'),
('Unidad de Compras'),
('Unidad de Contabilidad'),
('Unidad de Recursos Humanos'),
('Unidad de Informática'),
('Unidad de Educación Médica'),
('Unidad de Epidemiología'),
('Unidad de Docencia'),
('Unidad de Investigación'),
('Unidad de Bioseguridad'),
('Unidad de Vigilancia'),
('Unidad de Atención al Usuario'),
('Unidad de Promoción de la Salud'),
('Unidad de Planificación'),
('Unidad de Evaluación'),
('Unidad de Calidad'),
('Unidad de Auditoría Médica'),
('Unidad de Comunicación'),
('Unidad de Servicios Generales'),
('Unidad de Transporte'),
('Unidad de Oxigenoterapia'),
('Unidad de Vacunación'),
('Unidad de Telemedicina');


-----------------------------------------------------------------12
INSERT INTO Cita (ID_Persona, ID_Medico, Estado, FechaHora) VALUES
(1, 21, 'Cancelada', '2025-01-10 15:00:00'),
(2, 22, 'Pendiente', '2025-01-11 10:00:00'),
(3, 23, 'Realizada', '2025-01-12 15:00:00'),
(4, 24, 'Cancelada', '2025-01-13 16:00:00'),
(5, 25, 'Pendiente', '2025-01-14 13:00:00'),
(6, 26, 'Realizada', '2025-01-15 15:00:00'),
(7, 27, 'Pendiente', '2025-01-16 11:00:00'),
(8, 28, 'Cancelada', '2025-01-17 14:00:00'),
(9, 29, 'Realizada', '2025-01-18 13:00:00'),
(10, 30, 'Cancelada', '2025-01-19 12:00:00'),
(11, 31, 'Cancelada', '2025-01-20 10:00:00'),
(12, 32, 'Realizada', '2025-01-21 10:00:00'),
(13, 33, 'Pendiente', '2025-01-22 10:00:00'),
(14, 34, 'Cancelada', '2025-01-23 12:00:00'),
(15, 35, 'Pendiente', '2025-01-24 11:00:00'),
(16, 36, 'Cancelada', '2025-01-25 11:00:00'),
(17, 37, 'Realizada', '2025-01-26 09:00:00'),
(18, 38, 'Realizada', '2025-01-27 14:00:00'),
(19, 39, 'Pendiente', '2025-01-28 12:00:00'),
(20, 40, 'Pendiente', '2025-01-29 13:00:00'),
(21, 41, 'Pendiente', '2025-01-30 13:00:00'),
(22, 42, 'Pendiente', '2025-01-31 10:00:00'),
(23, 43, 'Pendiente', '2025-02-01 09:00:00'),
(24, 44, 'Pendiente', '2025-02-02 12:00:00'),
(25, 45, 'Pendiente', '2025-02-03 12:00:00'),
(26, 46, 'Cancelada', '2025-02-04 15:00:00'),
(27, 47, 'Pendiente', '2025-02-05 08:00:00'),
(28, 48, 'Cancelada', '2025-02-06 10:00:00'),
(29, 49, 'Cancelada', '2025-02-07 09:00:00'),
(30, 50, 'Pendiente', '2025-02-08 10:00:00'),
(31, 51, 'Cancelada', '2025-02-09 11:00:00'),
(32, 52, 'Cancelada', '2025-02-10 16:00:00'),
(33, 53, 'Cancelada', '2025-02-11 13:00:00'),
(34, 54, 'Realizada', '2025-02-12 14:00:00'),
(35, 55, 'Pendiente', '2025-02-13 16:00:00'),
(36, 56, 'Realizada', '2025-02-14 11:00:00'),
(37, 57, 'Cancelada', '2025-02-15 13:00:00'),
(38, 58, 'Realizada', '2025-02-16 13:00:00'),
(39, 59, 'Cancelada', '2025-02-17 09:00:00'),
(40, 60, 'Pendiente', '2025-02-18 08:00:00'),
(41, 61, 'Pendiente', '2025-02-19 12:00:00'),
(42, 62, 'Cancelada', '2025-02-20 08:00:00'),
(43, 63, 'Pendiente', '2025-02-21 14:00:00'),
(44, 64, 'Cancelada', '2025-02-22 13:00:00'),
(45, 65, 'Realizada', '2025-02-23 09:00:00'),
(46, 66, 'Realizada', '2025-02-24 11:00:00'),
(47, 67, 'Cancelada', '2025-02-25 11:00:00'),
(48, 68, 'Pendiente', '2025-02-26 12:00:00'),
(49, 69, 'Cancelada', '2025-02-27 08:00:00'),
(50, 70, 'Cancelada', '2025-02-28 12:00:00'),
(51, 71, 'Cancelada', '2025-03-01 08:00:00'),
(52, 72, 'Realizada', '2025-03-02 16:00:00'),
(53, 73, 'Realizada', '2025-03-03 13:00:00'),
(54, 74, 'Realizada', '2025-03-04 11:00:00'),
(55, 75, 'Cancelada', '2025-03-05 14:00:00'),
(56, 76, 'Realizada', '2025-03-06 11:00:00'),
(57, 77, 'Cancelada', '2025-03-07 09:00:00'),
(58, 78, 'Pendiente', '2025-03-08 13:00:00'),
(59, 79, 'Pendiente', '2025-03-09 08:00:00'),
(60, 80, 'Realizada', '2025-03-10 14:00:00'),
(61, 81, 'Pendiente', '2025-03-11 10:00:00'),
(62, 82, 'Pendiente', '2025-03-12 12:00:00'),
(63, 83, 'Realizada', '2025-03-13 11:00:00'),
(64, 84, 'Pendiente', '2025-03-14 16:00:00'),
(65, 85, 'Cancelada', '2025-03-15 14:00:00'),
(66, 86, 'Pendiente', '2025-03-16 16:00:00'),
(67, 87, 'Realizada', '2025-03-17 08:00:00'),
(68, 88, 'Cancelada', '2025-03-18 10:00:00'),
(69, 89, 'Realizada', '2025-03-19 15:00:00'),
(70, 90, 'Pendiente', '2025-03-20 14:00:00'),
(71, 91, 'Realizada', '2025-03-21 13:00:00'),
(72, 92, 'Realizada', '2025-03-22 12:00:00'),
(73, 93, 'Realizada', '2025-03-23 12:00:00'),
(74, 94, 'Pendiente', '2025-03-24 08:00:00'),
(75, 95, 'Cancelada', '2025-03-25 13:00:00'),
(76, 96, 'Pendiente', '2025-03-26 12:00:00'),
(77, 97, 'Cancelada', '2025-03-27 15:00:00'),
(78, 98, 'Realizada', '2025-03-28 08:00:00'),
(79, 99, 'Realizada', '2025-03-29 11:00:00'),
(80, 100, 'Pendiente', '2025-03-30 16:00:00'),
(81, 1, 'Cancelada', '2025-03-31 08:00:00'),
(82, 2, 'Cancelada', '2025-04-01 15:00:00'),
(83, 3, 'Pendiente', '2025-04-02 16:00:00'),
(84, 4, 'Realizada', '2025-04-03 14:00:00'),
(85, 5, 'Cancelada', '2025-04-04 16:00:00'),
(86, 6, 'Realizada', '2025-04-05 14:00:00'),
(87, 7, 'Realizada', '2025-04-06 10:00:00'),
(88, 8, 'Realizada', '2025-04-07 15:00:00'),
(89, 9, 'Realizada', '2025-04-08 10:00:00'),
(90, 10, 'Pendiente', '2025-04-09 08:00:00'),
(91, 11, 'Pendiente', '2025-04-10 12:00:00'),
(92, 12, 'Pendiente', '2025-04-11 09:00:00'),
(93, 13, 'Cancelada', '2025-04-12 13:00:00'),
(94, 14, 'Realizada', '2025-04-13 08:00:00'),
(95, 15, 'Realizada', '2025-04-14 15:00:00'),
(96, 16, 'Cancelada', '2025-04-15 11:00:00'),
(97, 17, 'Realizada', '2025-04-16 12:00:00'),
(98, 18, 'Realizada', '2025-04-17 09:00:00'),
(99, 19, 'Cancelada', '2025-04-18 11:00:00'),
(100, 20, 'Cancelada', '2025-04-19 10:00:00'),
(1, 21, 'Cancelada', '2025-04-20 16:00:00'),
(2, 22, 'Cancelada', '2025-04-21 11:00:00'),
(3, 23, 'Pendiente', '2025-04-22 10:00:00'),
(4, 24, 'Realizada', '2025-04-23 15:00:00'),
(5, 25, 'Realizada', '2025-04-24 11:00:00'),
(6, 26, 'Realizada', '2025-04-25 12:00:00'),
(7, 27, 'Realizada', '2025-04-26 15:00:00'),
(8, 28, 'Realizada', '2025-04-27 16:00:00'),
(9, 29, 'Realizada', '2025-04-28 16:00:00'),
(10, 30, 'Realizada', '2025-04-29 13:00:00'),
(11, 31, 'Realizada', '2025-04-30 16:00:00'),
(12, 32, 'Realizada', '2025-05-01 10:00:00'),
(13, 33, 'Cancelada', '2025-05-02 09:00:00'),
(14, 34, 'Realizada', '2025-05-03 14:00:00'),
(15, 35, 'Realizada', '2025-05-04 08:00:00'),
(16, 36, 'Pendiente', '2025-05-05 14:00:00'),
(17, 37, 'Pendiente', '2025-05-06 10:00:00'),
(18, 38, 'Pendiente', '2025-05-07 16:00:00'),
(19, 39, 'Cancelada', '2025-05-08 09:00:00'),
(20, 40, 'Realizada', '2025-05-09 10:00:00'),
(21, 41, 'Pendiente', '2025-05-10 10:00:00'),
(22, 42, 'Pendiente', '2025-05-11 16:00:00'),
(23, 43, 'Cancelada', '2025-05-12 10:00:00'),
(24, 44, 'Cancelada', '2025-05-13 09:00:00'),
(25, 45, 'Pendiente', '2025-05-14 14:00:00'),
(26, 46, 'Pendiente', '2025-05-15 16:00:00'),
(27, 47, 'Pendiente', '2025-05-16 14:00:00'),
(28, 48, 'Cancelada', '2025-05-17 10:00:00'),
(29, 49, 'Cancelada', '2025-05-18 15:00:00'),
(30, 50, 'Cancelada', '2025-05-19 08:00:00'),
(31, 51, 'Pendiente', '2025-05-20 10:00:00'),
(32, 52, 'Cancelada', '2025-05-21 12:00:00'),
(33, 53, 'Cancelada', '2025-05-22 10:00:00'),
(34, 54, 'Cancelada', '2025-05-23 08:00:00'),
(35, 55, 'Cancelada', '2025-05-24 09:00:00'),
(36, 56, 'Pendiente', '2025-05-25 16:00:00'),
(37, 57, 'Pendiente', '2025-05-26 09:00:00'),
(38, 58, 'Cancelada', '2025-05-27 16:00:00'),
(39, 59, 'Pendiente', '2025-05-28 14:00:00'),
(40, 60, 'Realizada', '2025-05-29 11:00:00'),
(41, 61, 'Cancelada', '2025-05-30 16:00:00'),
(42, 62, 'Pendiente', '2025-05-31 15:00:00'),
(43, 63, 'Realizada', '2025-06-01 12:00:00'),
(44, 64, 'Realizada', '2025-06-02 11:00:00'),
(45, 65, 'Realizada', '2025-06-03 12:00:00'),
(46, 66, 'Realizada', '2025-06-04 09:00:00'),
(47, 67, 'Realizada', '2025-06-05 15:00:00'),
(48, 68, 'Cancelada', '2025-06-06 13:00:00'),
(49, 69, 'Pendiente', '2025-06-07 16:00:00'),
(50, 70, 'Realizada', '2025-06-08 08:00:00'),
(51, 71, 'Cancelada', '2025-06-09 13:00:00'),
(52, 72, 'Cancelada', '2025-06-10 09:00:00'),
(53, 73, 'Pendiente', '2025-06-11 09:00:00'),
(54, 74, 'Realizada', '2025-06-12 15:00:00'),
(55, 75, 'Realizada', '2025-06-13 16:00:00'),
(56, 76, 'Realizada', '2025-06-14 10:00:00'),
(57, 77, 'Pendiente', '2025-06-15 10:00:00'),
(58, 78, 'Pendiente', '2025-06-16 12:00:00'),
(59, 79, 'Cancelada', '2025-06-17 08:00:00'),
(60, 80, 'Realizada', '2025-06-18 11:00:00'),
(61, 81, 'Cancelada', '2025-06-19 11:00:00'),
(62, 82, 'Realizada', '2025-06-20 15:00:00'),
(63, 83, 'Pendiente', '2025-06-21 15:00:00'),
(64, 84, 'Realizada', '2025-06-22 08:00:00'),
(65, 85, 'Cancelada', '2025-06-23 16:00:00'),
(66, 86, 'Realizada', '2025-06-24 16:00:00'),
(67, 87, 'Cancelada', '2025-06-25 13:00:00'),
(68, 88, 'Cancelada', '2025-06-26 14:00:00'),
(69, 89, 'Cancelada', '2025-06-27 13:00:00'),
(70, 90, 'Realizada', '2025-06-28 08:00:00'),
(71, 91, 'Cancelada', '2025-06-29 10:00:00'),
(72, 92, 'Cancelada', '2025-06-30 13:00:00'),
(73, 93, 'Realizada', '2025-07-01 15:00:00'),
(74, 94, 'Pendiente', '2025-07-02 09:00:00'),
(75, 95, 'Realizada', '2025-07-03 08:00:00'),
(76, 96, 'Cancelada', '2025-07-04 14:00:00'),
(77, 97, 'Cancelada', '2025-07-05 16:00:00'),
(78, 98, 'Pendiente', '2025-07-06 11:00:00'),
(79, 99, 'Cancelada', '2025-07-07 09:00:00'),
(80, 100, 'Pendiente', '2025-07-08 13:00:00'),
(81, 1, 'Cancelada', '2025-07-09 16:00:00'),
(82, 2, 'Pendiente', '2025-07-10 15:00:00'),
(83, 3, 'Pendiente', '2025-07-11 11:00:00'),
(84, 4, 'Pendiente', '2025-07-12 12:00:00'),
(85, 5, 'Pendiente', '2025-07-13 12:00:00'),
(86, 6, 'Pendiente', '2025-07-14 13:00:00'),
(87, 7, 'Cancelada', '2025-07-15 14:00:00'),
(88, 8, 'Realizada', '2025-07-16 10:00:00'),
(89, 9, 'Cancelada', '2025-07-17 13:00:00'),
(90, 10, 'Pendiente', '2025-07-18 13:00:00'),
(91, 11, 'Pendiente', '2025-07-19 08:00:00'),
(92, 12, 'Cancelada', '2025-07-20 12:00:00'),
(93, 13, 'Realizada', '2025-07-21 09:00:00'),
(94, 14, 'Realizada', '2025-07-22 10:00:00'),
(95, 15, 'Cancelada', '2025-07-23 16:00:00'),
(96, 16, 'Realizada', '2025-07-24 16:00:00'),
(97, 17, 'Realizada', '2025-07-25 13:00:00'),
(98, 18, 'Cancelada', '2025-07-26 12:00:00'),
(99, 19, 'Pendiente', '2025-07-27 12:00:00'),
(100, 20, 'Cancelada', '2025-07-28 14:00:00');

---------------------------------------------------------------------------13

INSERT INTO DetalleCita (ID_Cita, Motivo, ID_MetodoPago, Pago) VALUES
(1, 'Fiebre', 1, 33.28),
(2, 'Dolor abdominal', 2, 58.9),
(3, 'Fiebre', 3, 90.49),
(4, 'Fiebre', 4, 116.71),
(5, 'Dolor de garganta', 5, 80.44),
(6, 'Consulta de rutina', 6, 104.42),
(7, 'Dolor abdominal', 7, 35.3),
(8, 'Fiebre', 8, 80.06),
(9, 'Revisión postoperatoria', 9, 110.75),
(10, 'Dolor de garganta', 10, 74.96),
(11, 'Dolor muscular', 11, 69.9),
(12, 'Revisión postoperatoria', 12, 113.33),
(13, 'Dolor abdominal', 13, 91.68),
(14, 'Consulta de rutina', 14, 111.83),
(15, 'Resfriado común', 15, 111.4),
(16, 'Dolor abdominal', 16, 62.66),
(17, 'Chequeo general', 17, 36.2),
(18, 'Resfriado común', 18, 39.95),
(19, 'Dolor abdominal', 19, 133.15),
(20, 'Resfriado común', 20, 146.17),
(21, 'Dolor de cabeza', 21, 90.01),
(22, 'Dolor muscular', 22, 134.05),
(23, 'Control de presión', 23, 104.7),
(24, 'Dolor abdominal', 24, 41.88),
(25, 'Consulta de rutina', 25, 81.42),
(26, 'Consulta de rutina', 26, 86.31),
(27, 'Chequeo general', 27, 107.75),
(28, 'Fiebre', 28, 131.55),
(29, 'Fiebre', 29, 123.64),
(30, 'Consulta de rutina', 30, 116.5),
(31, 'Consulta de rutina', 31, 89.02),
(32, 'Resfriado común', 32, 51.86),
(33, 'Dolor abdominal', 33, 91.14),
(34, 'Resfriado común', 34, 54.18),
(35, 'Dolor de garganta', 35, 139.72),
(36, 'Dolor de cabeza', 36, 70.89),
(37, 'Dolor de garganta', 37, 133.31),
(38, 'Dolor abdominal', 38, 112.58),
(39, 'Control de presión', 39, 108.03),
(40, 'Fiebre', 40, 88.56),
(41, 'Dolor de cabeza', 41, 100.06),
(42, 'Consulta de rutina', 42, 82.87),
(43, 'Dolor abdominal', 43, 119.77),
(44, 'Revisión postoperatoria', 44, 33.66),
(45, 'Dolor de garganta', 45, 55.08),
(46, 'Control de presión', 46, 78.55),
(47, 'Revisión postoperatoria', 47, 65.43),
(48, 'Dolor de cabeza', 48, 50.14),
(49, 'Dolor de cabeza', 49, 66.24),
(50, 'Consulta de rutina', 50, 56.31),
(51, 'Resfriado común', 51, 97.36),
(52, 'Chequeo general', 52, 61.92),
(53, 'Resfriado común', 53, 121.38),
(54, 'Dolor muscular', 54, 42.6),
(55, 'Dolor muscular', 55, 38.28),
(56, 'Dolor abdominal', 56, 34.17),
(57, 'Chequeo general', 57, 118.1),
(58, 'Dolor abdominal', 58, 133.09),
(59, 'Fiebre', 59, 47.33),
(60, 'Control de presión', 60, 108.47),
(61, 'Resfriado común', 61, 110.59),
(62, 'Fiebre', 62, 35.24),
(63, 'Consulta de rutina', 63, 94.65),
(64, 'Dolor abdominal', 64, 126.63),
(65, 'Chequeo general', 65, 36.2),
(66, 'Dolor de garganta', 66, 33.94),
(67, 'Resfriado común', 67, 71.44),
(68, 'Dolor muscular', 68, 135.33),
(69, 'Fiebre', 69, 60.98),
(70, 'Dolor de cabeza', 70, 138.69),
(71, 'Dolor de garganta', 71, 61.74),
(72, 'Revisión postoperatoria', 72, 72.86),
(73, 'Dolor de garganta', 73, 60.98),
(74, 'Fiebre', 74, 42.96),
(75, 'Resfriado común', 75, 136.17),
(76, 'Dolor muscular', 76, 66.2),
(77, 'Dolor muscular', 77, 98.92),
(78, 'Fiebre', 78, 92.51),
(79, 'Resfriado común', 79, 138.08),
(80, 'Dolor abdominal', 80, 56.39),
(81, 'Control de presión', 81, 43.26),
(82, 'Dolor muscular', 82, 34.9),
(83, 'Dolor abdominal', 83, 44.54),
(84, 'Dolor de cabeza', 84, 78.25),
(85, 'Dolor abdominal', 85, 106.69),
(86, 'Dolor de cabeza', 86, 118.64),
(87, 'Dolor de cabeza', 87, 133.36),
(88, 'Revisión postoperatoria', 88, 145.75),
(89, 'Control de presión', 89, 118.71),
(90, 'Chequeo general', 90, 144.61),
(91, 'Chequeo general', 91, 139.14),
(92, 'Consulta de rutina', 92, 146.78),
(93, 'Dolor abdominal', 93, 87.83),
(94, 'Chequeo general', 94, 45.95),
(95, 'Consulta de rutina', 95, 93.7),
(96, 'Chequeo general', 96, 103.65),
(97, 'Dolor muscular', 97, 133.41),
(98, 'Dolor de garganta', 98, 101.28),
(99, 'Dolor abdominal', 99, 122.95),
(100, 'Chequeo general', 100, 137.54),
(101, 'Control de presión', 1, 32.9),
(102, 'Resfriado común', 2, 116.05),
(103, 'Dolor abdominal', 3, 143.43),
(104, 'Dolor muscular', 4, 113.01),
(105, 'Fiebre', 5, 93.89),
(106, 'Consulta de rutina', 6, 98.56),
(107, 'Dolor de garganta', 7, 67.09),
(108, 'Revisión postoperatoria', 8, 145.91),
(109, 'Revisión postoperatoria', 9, 89.1),
(110, 'Dolor de cabeza', 10, 33.04),
(111, 'Chequeo general', 11, 114.93),
(112, 'Dolor muscular', 12, 92.69),
(113, 'Chequeo general', 13, 35.12),
(114, 'Dolor muscular', 14, 77.32),
(115, 'Chequeo general', 15, 118.59),
(116, 'Fiebre', 16, 90.68),
(117, 'Dolor de garganta', 17, 30.66),
(118, 'Revisión postoperatoria', 18, 92.01),
(119, 'Revisión postoperatoria', 19, 90.55),
(120, 'Dolor de cabeza', 20, 59.57),
(121, 'Revisión postoperatoria', 21, 137.13),
(122, 'Fiebre', 22, 111.39),
(123, 'Revisión postoperatoria', 23, 60.09),
(124, 'Revisión postoperatoria', 24, 33.98),
(125, 'Consulta de rutina', 25, 141.67),
(126, 'Consulta de rutina', 26, 145.69),
(127, 'Resfriado común', 27, 71.1),
(128, 'Control de presión', 28, 34.6),
(129, 'Dolor de garganta', 29, 130.86),
(130, 'Consulta de rutina', 30, 149.39),
(131, 'Dolor muscular', 31, 125.53),
(132, 'Fiebre', 32, 114.11),
(133, 'Control de presión', 33, 65.04),
(134, 'Consulta de rutina', 34, 64.3),
(135, 'Dolor abdominal', 35, 120.9),
(136, 'Consulta de rutina', 36, 134.65),
(137, 'Resfriado común', 37, 111.65),
(138, 'Dolor muscular', 38, 105.98),
(139, 'Dolor abdominal', 39, 149.78),
(140, 'Chequeo general', 40, 72.28),
(141, 'Dolor de garganta', 41, 104.02),
(142, 'Dolor muscular', 42, 93.87),
(143, 'Revisión postoperatoria', 43, 87.72),
(144, 'Resfriado común', 44, 87.95),
(145, 'Resfriado común', 45, 33.83),
(146, 'Dolor de garganta', 46, 77.95),
(147, 'Chequeo general', 47, 72.84),
(148, 'Dolor de garganta', 48, 129.63),
(149, 'Consulta de rutina', 49, 117.21),
(150, 'Dolor de cabeza', 50, 98.73),
(151, 'Dolor muscular', 51, 54.98),
(152, 'Control de presión', 52, 35.54),
(153, 'Dolor muscular', 53, 108.3),
(154, 'Revisión postoperatoria', 54, 99.97),
(155, 'Consulta de rutina', 55, 77.8),
(156, 'Fiebre', 56, 31.22),
(157, 'Dolor abdominal', 57, 75.02),
(158, 'Dolor de garganta', 58, 76.74),
(159, 'Resfriado común', 59, 83.44),
(160, 'Control de presión', 60, 43.02),
(161, 'Chequeo general', 61, 39.28),
(162, 'Consulta de rutina', 62, 131.62),
(163, 'Dolor de garganta', 63, 81.76),
(164, 'Chequeo general', 64, 31.34),
(165, 'Fiebre', 65, 81.73),
(166, 'Revisión postoperatoria', 66, 72.92),
(167, 'Fiebre', 67, 114.5),
(168, 'Consulta de rutina', 68, 50.93),
(169, 'Fiebre', 69, 137.72),
(170, 'Dolor de garganta', 70, 103.76),
(171, 'Dolor abdominal', 71, 93.6),
(172, 'Resfriado común', 72, 94.42),
(173, 'Resfriado común', 73, 98.77),
(174, 'Chequeo general', 74, 84.37),
(175, 'Revisión postoperatoria', 75, 70.96),
(176, 'Chequeo general', 76, 105.75),
(177, 'Control de presión', 77, 60.36),
(178, 'Resfriado común', 78, 107.73),
(179, 'Dolor de cabeza', 79, 68.18),
(180, 'Consulta de rutina', 80, 99.06),
(181, 'Resfriado común', 81, 88.28),
(182, 'Revisión postoperatoria', 82, 133.06),
(183, 'Revisión postoperatoria', 83, 78.78),
(184, 'Fiebre', 84, 141.42),
(185, 'Chequeo general', 85, 149.51),
(186, 'Chequeo general', 86, 110.5),
(187, 'Revisión postoperatoria', 87, 126.4),
(188, 'Dolor abdominal', 88, 103.38),
(189, 'Dolor abdominal', 89, 33.62),
(190, 'Dolor de cabeza', 90, 78.69),
(191, 'Fiebre', 91, 94.39),
(192, 'Dolor abdominal', 92, 110.7),
(193, 'Dolor de garganta', 93, 92.44),
(194, 'Dolor abdominal', 94, 120.07),
(195, 'Fiebre', 95, 31.47),
(196, 'Dolor abdominal', 96, 85.73),
(197, 'Control de presión', 97, 124.78),
(198, 'Consulta de rutina', 98, 118.96),
(199, 'Control de presión', 99, 112.62),
(200, 'Control de presión', 100, 136.58);

----------------------------------------------------------------------------14
INSERT INTO HistorialPersona (ID_Persona, ID_DetalleCita) VALUES
(1, 1),
(2, 2),
(3, 3),
(4, 4),
(5, 5),
(6, 6),
(7, 7),
(8, 8),
(9, 9),
(10, 10),
(11, 11),
(12, 12),
(13, 13),
(14, 14),
(15, 15),
(16, 16),
(17, 17),
(18, 18),
(19, 19),
(20, 20),
(21, 21),
(22, 22),
(23, 23),
(24, 24),
(25, 25),
(26, 26),
(27, 27),
(28, 28),
(29, 29),
(30, 30),
(31, 31),
(32, 32),
(33, 33),
(34, 34),
(35, 35),
(36, 36),
(37, 37),
(38, 38),
(39, 39),
(40, 40),
(41, 41),
(42, 42),
(43, 43),
(44, 44),
(45, 45),
(46, 46),
(47, 47),
(48, 48),
(49, 49),
(50, 50),
(1, 51),
(2, 52),
(3, 53),
(4, 54),
(5, 55),
(6, 56),
(7, 57),
(8, 58),
(9, 59),
(10, 60),
(11, 61),
(12, 62),
(13, 63),
(14, 64),
(15, 65),
(16, 66),
(17, 67),
(18, 68),
(19, 69),
(20, 70),
(21, 71),
(22, 72),
(23, 73),
(24, 74),
(25, 75),
(26, 76),
(27, 77),
(28, 78),
(29, 79),
(30, 80),
(31, 81),
(32, 82),
(33, 83),
(34, 84),
(35, 85),
(36, 86),
(37, 87),
(38, 88),
(39, 89),
(40, 90),
(41, 91),
(42, 92),
(43, 93),
(44, 94),
(45, 95),
(46, 96),
(47, 97),
(48, 98),
(49, 99),
(50, 100),
(51, 101),
(52, 102),
(53, 103),
(54, 104),
(55, 105),
(56, 106),
(57, 107),
(58, 108),
(59, 109),
(60, 110),
(61, 111),
(62, 112),
(63, 113),
(64, 114),
(65, 115),
(66, 116),
(67, 117),
(68, 118),
(69, 119),
(70, 120),
(71, 121),
(72, 122),
(73, 123),
(74, 124),
(75, 125),
(76, 126),
(77, 127),
(78, 128),
(79, 129),
(80, 130),
(81, 131),
(82, 132),
(83, 133),
(84, 134),
(85, 135),
(86, 136),
(87, 137),
(88, 138),
(89, 139),
(90, 140),
(91, 141),
(92, 142),
(93, 143),
(94, 144),
(95, 145),
(96, 146),
(97, 147),
(98, 148),
(99, 149),
(100, 150),
(1, 151),
(2, 152),
(3, 153),
(4, 154),
(5, 155),
(6, 156),
(7, 157),
(8, 158),
(9, 159),
(10, 160),
(11, 161),
(12, 162),
(13, 163),
(14, 164),
(15, 165),
(16, 166),
(17, 167),
(18, 168),
(19, 169),
(20, 170),
(21, 171),
(22, 172),
(23, 173),
(24, 174),
(25, 175),
(26, 176),
(27, 177),
(28, 178),
(29, 179),
(30, 180),
(31, 181),
(32, 182),
(33, 183),
(34, 184),
(35, 185),
(36, 186),
(37, 187),
(38, 188),
(39, 189),
(40, 190),
(41, 191),
(42, 192),
(43, 193),
(44, 194),
(45, 195),
(46, 196),
(47, 197),
(48, 198),
(49, 199),
(50, 200);

----------------------------------------------------------------------------15
INSERT INTO Medicamento (ATC, Nombre, Descripcion, PrecioUnitario) VALUES
('A01AA01', 'Ácido acetilsalicílico', 'Analgésico y antipirético para dolor leve a moderado y fiebre.', 12.50),
('A02BC02', 'Omeprazol', 'Inhibidor de la bomba de protones para reflujo gastroesofágico.', 35.75),
('B01AC06', 'Warfarina', 'Anticoagulante oral para prevención de trombosis.', 45.00),
('C07AB02', 'Metoprolol', 'Betabloqueante para hipertensión y angina.', 28.90),
('C09AA05', 'Enalapril', 'Inhibidor de la enzima convertidora de angiotensina.', 33.00),
('J01CA04', 'Amoxicilina', 'Antibiótico penicilínico para infecciones bacterianas.', 20.00),
('N02BA01', 'Paracetamol', 'Analgésico y antipirético.', 10.00),
('R03AC02', 'Salbutamol', 'Broncodilatador para asma y EPOC.', 22.50),
('M01AE01', 'Ibuprofeno', 'Antiinflamatorio no esteroideo.', 15.75),
('L01BA01', 'Ciclofosfamida', 'Agente alquilante para cáncer.', 120.00),
('A10BA02', 'Metformina', 'Antidiabético oral para diabetes tipo 2.', 25.00),
('N05BA01', 'Diazepam', 'Ansiolítico y relajante muscular.', 30.00),
('G03CA01', 'Estradiol', 'Terapia de reemplazo hormonal.', 40.00),
('H02AB06', 'Prednisona', 'Corticosteroide para inflamación.', 18.00),
('J01CR02', 'Amoxicilina con ácido clavulánico', 'Antibiótico combinado.', 50.00),
('C03CA01', 'Furosemida', 'Diurético para edema e hipertensión.', 22.00),
('M03BX01', 'Baclofeno', 'Relajante muscular.', 35.00),
('N06AB03', 'Fluoxetina', 'Antidepresivo ISRS.', 28.00),
('R05CB01', 'Dextrometorfano', 'Antitusivo para tos seca.', 12.00),
('S01AA01', 'Tobramicina', 'Antibiótico oftálmico.', 42.00),
('J01FA10', 'Ciprofloxacino', 'Antibiótico fluoroquinolona.', 38.00),
('A11CC01', 'Colecalciferol', 'Vitamina D para déficit.', 15.00),
('N02BE01', 'Tramadol', 'Analgésico opioide.', 40.00),
('C08CA01', 'Amlodipino', 'Calcioantagonista para hipertensión.', 27.50),
('J01EE01', 'Claritromicina', 'Antibiótico macrólido.', 45.00),
('M05BA07', 'Alendronato', 'Tratamiento de osteoporosis.', 55.00),
('N03AX12', 'Levetiracetam', 'Antiepiléptico.', 60.00),
('R06AE07', 'Loratadina', 'Antihistamínico para alergias.', 14.00),
('A03FA01', 'Domperidona', 'Antiemético.', 18.50),
('J01XE01', 'Metronidazol', 'Antibiótico y antiparasitario.', 20.00),
('N05CF01', 'Risperidona', 'Antipsicótico.', 50.00),
('C09CA03', 'Losartán', 'Antagonista del receptor de angiotensina II.', 35.00),
('A12AX05', 'Calcitonina', 'Tratamiento para osteoporosis.', 65.00),
('S03AA01', 'Cloruro de sodio', 'Solución oftálmica.', 10.00),
('J01MA02', 'Clindamicina', 'Antibiótico lincosamida.', 33.00),
('A02BC01', 'Lansoprazol', 'Inhibidor de bomba de protones.', 30.00),
('M04AA01', 'Alopurinol', 'Tratamiento para gota.', 40.00),
('N05AX12', 'Quetiapina', 'Antipsicótico atípico.', 55.00),
('C01CA24', 'Digoxina', 'Glucósido cardíaco.', 45.00),
('J05AE01', 'Aciclovir', 'Antiviral para herpes.', 38.00),
('G04BE03', 'Tamsulosina', 'Tratamiento para hiperplasia prostática.', 42.00),
('M01AB05', 'Diclofenaco', 'Antiinflamatorio.', 18.00),
('R03BA02', 'Ipratropio', 'Broncodilatador anticolinérgico.', 30.00),
('N06AA09', 'Amitriptilina', 'Antidepresivo tricíclico.', 25.00),
('J01FA01', 'Norflaxacino', 'Antibiótico fluoroquinolona.', 35.00),
('A10BB01', 'Glibenclamida', 'Antidiabético sulfonilurea.', 22.00),
('R01AA05', 'Oxymetazolina', 'Descongestionante nasal.', 12.00),
('C07AB07', 'Atenolol', 'Betabloqueante.', 27.00),
('N02AX02', 'Fentanilo', 'Analgésico opioide fuerte.', 75.00),
('S01ED01', 'Timolol', 'Betabloqueante oftálmico.', 30.00),
('B01AC04', 'Heparina', 'Anticoagulante parenteral.', 55.00),
('J01FA09', 'Levofloxacino', 'Antibiótico fluoroquinolona.', 40.00),
('A11HA01', 'Levotiroxina', 'Hormona tiroidea.', 20.00),
('M02AA01', 'Salicilato de metilo', 'Analgésico tópico.', 15.00),
('R05DA04', 'Bromhexina', 'Mucolítico.', 18.00),
('C03CA04', 'Torsemida', 'Diurético.', 30.00),
('A16AX05', 'Colchicina', 'Tratamiento para gota.', 25.00),
('N07XX05', 'Metadona', 'Tratamiento para dependencia a opioides.', 50.00),
('G03CA03', 'Estriol', 'Hormona para terapia hormonal.', 38.00),
('J01XE02', 'Tinidazol', 'Antibiótico y antiparasitario.', 28.00),
('N06AX21', 'Venlafaxina', 'Antidepresivo ISRS.', 45.00),
('M01AE02', 'Naproxeno', 'Antiinflamatorio no esteroideo.', 20.00),
('C09AA04', 'Ramipril', 'IECA para hipertensión.', 35.00),
('A05AA04', 'Loperamida', 'Antidiarreico.', 15.00),
('B03AA01', 'Hierro ferroso', 'Suplemento de hierro.', 10.00),
('N03AX14', 'Topiramato', 'Antiepiléptico.', 60.00),
('R06AE01', 'Cetirizina', 'Antihistamínico.', 14.00),
('A06AD02', 'Laxante de fibra', 'Tratamiento para estreñimiento.', 18.00),
('J01XA01', 'Cloranfenicol', 'Antibiótico.', 40.00),
('N05BA06', 'Lorazepam', 'Ansiolítico.', 25.00),
('C10AA01', 'Atorvastatina', 'Estatina para colesterol alto.', 35.00),
('G04BD01', 'Sildenafilo', 'Tratamiento para disfunción eréctil.', 50.00),
('M03BX05', 'Tizanidina', 'Relajante muscular.', 35.00),
('N06AA04', 'Sertralina', 'Antidepresivo ISRS.', 28.00),
('R05CB02', 'Codeína', 'Antitusivo opioide.', 18.00),
('S01AA02', 'Gentamicina', 'Antibiótico oftálmico.', 42.00),
('J01CA01', 'Ampicilina', 'Antibiótico penicilínico.', 20.00),
('A11CC03', 'Ergocalciferol', 'Vitamina D2.', 15.00),
('N02BA51', 'Paracetamol combinado', 'Analgésico combinado.', 12.00),
('C08CA05', 'Nifedipino', 'Calcioantagonista.', 27.50),
('J01FA12', 'Moxifloxacino', 'Antibiótico fluoroquinolona.', 38.00),
('M05BB04', 'Risedronato', 'Tratamiento osteoporosis.', 55.00),
('N03AX11', 'Lamotrigina', 'Antiepiléptico.', 60.00),
('R06AE08', 'Desloratadina', 'Antihistamínico.', 14.00),
('A03FA02', 'Metoclopramida', 'Antiemético.', 18.50),
('J01XE03', 'Secnidazol', 'Antibiótico y antiparasitario.', 20.00),
('N05CF02', 'Olanzapina', 'Antipsicótico.', 50.00),
('C09CA04', 'Candesartán', 'ARA II para hipertensión.', 35.00),
('A12AX06', 'Calcitocina', 'Tratamiento osteoporosis.', 65.00),
('S03AA02', 'Cloruro de potasio', 'Solución oftálmica.', 10.00),
('J01MA01', 'Eritromicina', 'Antibiótico macrólido.', 33.00),
('A02BC03', 'Pantoprazol', 'Inhibidor de bomba de protones.', 30.00),
('M04AA02', 'Probenecid', 'Tratamiento para gota.', 40.00),
('N05AX13', 'Aripiprazol', 'Antipsicótico atípico.', 55.00),
('C01CA25', 'Digitoxina', 'Glucósido cardíaco.', 45.00),
('J05AE02', 'Valaciclovir', 'Antiviral herpes.', 38.00),
('G04BE04', 'Alfuzosina', 'Tratamiento hiperplasia prostática.', 42.00),
('M01AB06', 'Ketoprofeno', 'Antiinflamatorio.', 18.00),
('R03BA03', 'Tiotropio', 'Broncodilatador anticolinérgico.', 30.00),
('N06AA10', 'Clomipramina', 'Antidepresivo tricíclico.', 25.00);

---------------------------------------------------------------------16
INSERT INTO Almacen (ID_Medicamento, ID_Unidad, Stock) VALUES
(1, 1, 150),
(2, 2, 200),
(3, 3, 300),
(4, 1, 120),
(5, 4, 180),
(6, 5, 90),
(7, 6, 220),
(8, 7, 140),
(9, 8, 160),
(10, 9, 130),
(11, 10, 110),
(12, 1, 170),
(13, 2, 200),
(14, 3, 190),
(15, 4, 210),
(16, 5, 180),
(17, 6, 150),
(18, 7, 140),
(19, 8, 130),
(20, 9, 160),
(21, 10, 120),
(22, 1, 190),
(23, 2, 170),
(24, 3, 160),
(25, 4, 200),
(26, 5, 220),
(27, 6, 210),
(28, 7, 230),
(29, 8, 180),
(30, 9, 190),
(31, 10, 160),
(32, 1, 150),
(33, 2, 140),
(34, 3, 130),
(35, 4, 120),
(36, 5, 110),
(37, 6, 100),
(38, 7, 90),
(39, 8, 80),
(40, 9, 70),
(41, 10, 60),
(42, 1, 50),
(43, 2, 60),
(44, 3, 70),
(45, 4, 80),
(46, 5, 90),
(47, 6, 100),
(48, 7, 110),
(49, 8, 120),
(50, 9, 130),
(51, 10, 140),
(52, 1, 150),
(53, 2, 160),
(54, 3, 170),
(55, 4, 180),
(56, 5, 190),
(57, 6, 200),
(58, 7, 210),
(59, 8, 220),
(60, 9, 230),
(61, 10, 240),
(62, 1, 250),
(63, 2, 260),
(64, 3, 270),
(65, 4, 280),
(66, 5, 290),
(67, 6, 300),
(68, 7, 310),
(69, 8, 320),
(70, 9, 330),
(71, 10, 340),
(72, 1, 350),
(73, 2, 360),
(74, 3, 370),
(75, 4, 380),
(76, 5, 390),
(77, 6, 400),
(78, 7, 410),
(79, 8, 420),
(80, 9, 430),
(81, 10, 440),
(82, 1, 450),
(83, 2, 460),
(84, 3, 470),
(85, 4, 480),
(86, 5, 490),
(87, 6, 500),
(88, 7, 510),
(89, 8, 520),
(90, 9, 530),
(91, 10, 540),
(92, 1, 550),
(93, 2, 560),
(94, 3, 570),
(95, 4, 580),
(96, 5, 590),
(97, 6, 600),
(98, 7, 610),
(99, 8, 620),
(100, 9, 630);

----------------------------------------------------------------------17

INSERT INTO Receta (ID_DetalleCita, ID_Medicamento, Cantidad, Dosis) VALUES
(1, 5, 10, '1 comprimido cada 8 horas'),
(2, 12, 20, '2 ml cada 12 horas'),
(3, 7, 15, '1 tableta diaria'),
(4, 3, 5, 'Aplicar 2 gotas en cada ojo dos veces al día'),
(5, 10, 30, '1 cápsula cada 6 horas'),
(6, 25, 10, '1 comprimido cada 12 horas'),
(7, 33, 20, '2 ml cada 8 horas'),
(8, 44, 14, '1 tableta diaria'),
(9, 18, 12, 'Aplicar crema dos veces al día'),
(10, 55, 7, '1 comprimido cada 8 horas'),
(11, 23, 21, '1 cápsula cada 12 horas'),
(12, 29, 8, '2 ml cada 6 horas'),
(13, 34, 10, '1 tableta diaria'),
(14, 6, 16, 'Aplicar ungüento en la zona afectada dos veces al día'),
(15, 40, 12, '1 comprimido cada 8 horas'),
(16, 17, 9, '1 cápsula antes de dormir'),
(17, 21, 18, '2 ml cada 12 horas'),
(18, 2, 7, 'Aplicar 3 gotas en el oído afectado cada 8 horas'),
(19, 38, 15, '1 tableta después de las comidas'),
(20, 50, 20, '1 cápsula cada 8 horas'),
(21, 8, 12, 'Aplicar crema tópica dos veces al día'),
(22, 14, 30, '1 comprimido cada 6 horas'),
(23, 19, 11, '2 ml cada 8 horas'),
(24, 27, 9, '1 tableta diaria'),
(25, 41, 14, 'Aplicar solución oftálmica dos veces al día'),
(26, 35, 8, '1 comprimido cada 12 horas'),
(27, 49, 13, '1 cápsula cada 8 horas'),
(28, 13, 20, 'Aplicar crema dos veces al día'),
(29, 9, 15, '1 tableta diaria'),
(30, 26, 7, '2 ml cada 12 horas'),
(31, 31, 18, '1 comprimido después de las comidas'),
(32, 24, 10, 'Aplicar ungüento dos veces al día'),
(33, 11, 12, '1 cápsula antes de dormir'),
(34, 28, 14, '1 tableta cada 8 horas'),
(35, 20, 16, 'Aplicar gotas en el ojo dos veces al día'),
(36, 43, 9, '1 comprimido cada 12 horas'),
(37, 4, 10, '2 ml cada 8 horas'),
(38, 15, 8, 'Aplicar crema tópica dos veces al día'),
(39, 39, 20, '1 tableta después de las comidas'),
(40, 36, 13, '1 cápsula antes de dormir'),
(41, 45, 7, 'Aplicar solución oftálmica cada 6 horas'),
(42, 22, 12, '1 comprimido cada 8 horas'),
(43, 37, 15, 'Aplicar ungüento dos veces al día'),
(44, 30, 9, '1 tableta diaria'),
(45, 48, 18, '2 ml cada 12 horas'),
(46, 42, 14, '1 cápsula después de las comidas'),
(47, 16, 10, 'Aplicar crema dos veces al día'),
(48, 47, 7, '1 comprimido cada 8 horas'),
(49, 1, 20, '1 tableta diaria'),
(50, 51, 13, '2 ml cada 6 horas'),
(51, 52, 15, '1 comprimido cada 8 horas'),
(52, 53, 12, 'Aplicar crema tópica dos veces al día'),
(53, 54, 10, '1 cápsula antes de dormir'),
(54, 55, 20, '2 ml cada 12 horas'),
(55, 56, 14, '1 tableta diaria'),
(56, 57, 9, 'Aplicar gotas oftálmicas tres veces al día'),
(57, 58, 7, '1 comprimido después de las comidas'),
(58, 59, 18, 'Aplicar ungüento dos veces al día'),
(59, 60, 13, '1 cápsula cada 8 horas'),
(60, 61, 16, '1 tableta diaria'),
(61, 62, 11, 'Aplicar crema dos veces al día'),
(62, 63, 8, '1 comprimido cada 12 horas'),
(63, 64, 15, '2 ml cada 8 horas'),
(64, 65, 10, 'Aplicar gotas en el oído cada 6 horas'),
(65, 66, 14, '1 tableta después de las comidas'),
(66, 67, 12, '1 cápsula antes de dormir'),
(67, 68, 20, 'Aplicar crema tópica dos veces al día'),
(68, 69, 9, '1 comprimido cada 8 horas'),
(69, 70, 15, '2 ml cada 12 horas'),
(70, 71, 13, 'Aplicar ungüento en la zona afectada dos veces al día'),
(71, 72, 11, '1 tableta diaria'),
(72, 73, 16, '1 cápsula después de las comidas'),
(73, 74, 8, 'Aplicar gotas oftálmicas tres veces al día'),
(74, 75, 14, '1 comprimido cada 6 horas'),
(75, 76, 20, '2 ml cada 8 horas'),
(76, 77, 12, 'Aplicar crema dos veces al día'),
(77, 78, 10, '1 tableta diaria'),
(78, 79, 15, '1 cápsula antes de dormir'),
(79, 80, 14, 'Aplicar ungüento dos veces al día'),
(80, 81, 9, '1 comprimido después de las comidas'),
(81, 82, 20, '2 ml cada 12 horas'),
(82, 83, 13, 'Aplicar crema tópica dos veces al día'),
(83, 84, 16, '1 tableta diaria'),
(84, 85, 11, '1 cápsula cada 8 horas'),
(85, 86, 8, 'Aplicar gotas en el oído afectado tres veces al día'),
(86, 87, 15, '1 comprimido cada 6 horas'),
(87, 88, 14, '2 ml cada 8 horas'),
(88, 89, 20, 'Aplicar crema dos veces al día'),
(89, 90, 12, '1 tableta diaria'),
(90, 91, 10, '1 cápsula antes de dormir'),
(91, 92, 15, 'Aplicar ungüento en la zona afectada dos veces al día'),
(92, 93, 13, '1 comprimido después de las comidas'),
(93, 94, 9, '2 ml cada 12 horas'),
(94, 95, 16, 'Aplicar gotas oftálmicas tres veces al día'),
(95, 96, 11, '1 tableta diaria'),
(96, 97, 8, '1 cápsula cada 8 horas'),
(97, 98, 14, 'Aplicar crema tópica dos veces al día'),
(98, 99, 20, '1 comprimido cada 6 horas'),
(99, 100, 12, '2 ml cada 8 horas'),
(100, 1, 10, 'Aplicar ungüento dos veces al día'),
(101, 2, 14, '1 comprimido cada 8 horas'),
(102, 3, 12, 'Aplicar crema tópica dos veces al día'),
(103, 4, 16, '1 cápsula antes de dormir'),
(104, 5, 10, '2 ml cada 12 horas'),
(105, 6, 15, '1 tableta diaria'),
(106, 7, 9, 'Aplicar gotas oftálmicas tres veces al día'),
(107, 8, 8, '1 comprimido después de las comidas'),
(108, 9, 20, 'Aplicar ungüento dos veces al día'),
(109, 10, 13, '1 cápsula cada 8 horas'),
(110, 11, 18, '1 tableta diaria'),
(111, 12, 11, 'Aplicar crema dos veces al día'),
(112, 13, 14, '1 comprimido cada 12 horas'),
(113, 14, 15, '2 ml cada 8 horas'),
(114, 15, 10, 'Aplicar gotas en el oído cada 6 horas'),
(115, 16, 12, '1 tableta después de las comidas'),
(116, 17, 13, '1 cápsula antes de dormir'),
(117, 18, 20, 'Aplicar crema tópica dos veces al día'),
(118, 19, 14, '1 comprimido cada 8 horas'),
(119, 20, 16, '2 ml cada 12 horas'),
(120, 21, 11, 'Aplicar ungüento en la zona afectada dos veces al día'),
(121, 22, 15, '1 tableta diaria'),
(122, 23, 12, '1 cápsula después de las comidas'),
(123, 24, 9, 'Aplicar gotas oftálmicas tres veces al día'),
(124, 25, 10, '1 comprimido cada 6 horas'),
(125, 26, 18, '2 ml cada 8 horas'),
(126, 27, 14, 'Aplicar crema dos veces al día'),
(127, 28, 13, '1 tableta diaria'),
(128, 29, 15, '1 cápsula antes de dormir'),
(129, 30, 16, 'Aplicar ungüento dos veces al día'),
(130, 31, 11, '1 comprimido después de las comidas'),
(131, 32, 12, '2 ml cada 12 horas'),
(132, 33, 14, 'Aplicar crema tópica dos veces al día'),
(133, 34, 15, '1 tableta diaria'),
(134, 35, 10, '1 cápsula cada 8 horas'),
(135, 36, 13, 'Aplicar gotas en el oído afectado tres veces al día'),
(136, 37, 9, '1 comprimido cada 6 horas'),
(137, 38, 16, '2 ml cada 8 horas'),
(138, 39, 14, 'Aplicar crema dos veces al día'),
(139, 40, 12, '1 tableta diaria'),
(140, 41, 15, '1 cápsula antes de dormir'),
(141, 42, 10, 'Aplicar ungüento en la zona afectada dos veces al día'),
(142, 43, 13, '1 comprimido después de las comidas'),
(143, 44, 9, '2 ml cada 12 horas'),
(144, 45, 16, 'Aplicar gotas oftálmicas tres veces al día'),
(145, 46, 14, '1 tableta diaria'),
(146, 47, 11, '1 cápsula cada 8 horas'),
(147, 48, 15, 'Aplicar crema tópica dos veces al día'),
(148, 49, 12, '1 comprimido cada 6 horas'),
(149, 50, 10, '2 ml cada 8 horas'),
(150, 51, 13, 'Aplicar ungüento dos veces al día'),
(151, 52, 15, '1 comprimido cada 8 horas'),
(152, 53, 14, 'Aplicar crema tópica dos veces al día'),
(153, 54, 12, '1 cápsula antes de dormir'),
(154, 55, 10, '2 ml cada 12 horas'),
(155, 56, 16, '1 tableta diaria'),
(156, 57, 11, 'Aplicar gotas oftálmicas tres veces al día'),
(157, 58, 9, '1 comprimido después de las comidas'),
(158, 59, 20, 'Aplicar ungüento dos veces al día'),
(159, 60, 13, '1 cápsula cada 8 horas'),
(160, 61, 15, '1 tableta diaria'),
(161, 62, 10, 'Aplicar crema dos veces al día'),
(162, 63, 14, '1 comprimido cada 12 horas'),
(163, 64, 12, '2 ml cada 8 horas'),
(164, 65, 11, 'Aplicar gotas en el oído cada 6 horas'),
(165, 66, 15, '1 tableta después de las comidas'),
(166, 67, 10, '1 cápsula antes de dormir'),
(167, 68, 13, 'Aplicar crema tópica dos veces al día'),
(168, 69, 16, '1 comprimido cada 8 horas'),
(169, 70, 12, '2 ml cada 12 horas'),
(170, 71, 9, 'Aplicar ungüento en la zona afectada dos veces al día'),
(171, 72, 15, '1 tableta diaria'),
(172, 73, 14, '1 cápsula después de las comidas'),
(173, 74, 10, 'Aplicar gotas oftálmicas tres veces al día'),
(174, 75, 13, '1 comprimido cada 6 horas'),
(175, 76, 11, '2 ml cada 8 horas'),
(176, 77, 9, 'Aplicar crema dos veces al día'),
(177, 78, 15, '1 tableta diaria'),
(178, 79, 14, '1 cápsula antes de dormir'),
(179, 80, 12, 'Aplicar ungüento dos veces al día'),
(180, 81, 10, '1 comprimido después de las comidas'),
(181, 82, 15, '2 ml cada 12 horas'),
(182, 83, 13, 'Aplicar crema tópica dos veces al día'),
(183, 84, 11, '1 tableta diaria'),
(184, 85, 9, '1 cápsula cada 8 horas'),
(185, 86, 15, 'Aplicar gotas en el oído afectado tres veces al día'),
(186, 87, 14, '1 comprimido cada 6 horas'),
(187, 88, 12, '2 ml cada 8 horas'),
(188, 89, 10, 'Aplicar crema dos veces al día'),
(189, 90, 15, '1 tableta diaria'),
(190, 91, 13, '1 cápsula antes de dormir'),
(191, 92, 11, 'Aplicar ungüento en la zona afectada dos veces al día'),
(192, 93, 9, '1 comprimido después de las comidas'),
(193, 94, 15, '2 ml cada 12 horas'),
(194, 95, 14, 'Aplicar gotas oftálmicas tres veces al día'),
(195, 96, 12, '1 tableta diaria'),
(196, 97, 10, '1 cápsula cada 8 horas'),
(197, 98, 15, 'Aplicar crema tópica dos veces al día'),
(198, 99, 13, '1 comprimido cada 6 horas'),
(199, 100, 11, '2 ml cada 8 horas'),
(200, 1, 9, 'Aplicar ungüento dos veces al día');

----------------------------------------------------------------------18
INSERT INTO Equipamiento (ID_Unidad, Nombre) VALUES
(1, 'Termómetro digital'),
(2, 'Esfigmomanómetro manual'),
(3, 'Oxímetro de pulso'),
(4, 'Electrocardiógrafo'),
(5, 'Ventilador mecánico'),
(6, 'Camilla de traslado'),
(7, 'Monitor multiparámetro'),
(8, 'Bisturí eléctrico'),
(9, 'Bombas de infusión'),
(10, 'Lámpara quirúrgica'),
(1, 'Desfibrilador externo automático'),
(2, 'Aspirador quirúrgico'),
(3, 'Mesa de operaciones'),
(4, 'Equipo de ultrasonido'),
(5, 'Carro de paro'),
(6, 'Silla de ruedas'),
(7, 'Equipo de radiografía portátil'),
(8, 'Equipo de anestesia'),
(9, 'Laringoscopio'),
(10, 'Incubadora neonatal'),
(1, 'Equipo de endoscopía'),
(2, 'Equipo de resonancia magnética'),
(3, 'Equipo de tomografía axial computarizada'),
(4, 'Balanzas electrónicas'),
(5, 'Electrobisturí'),
(6, 'Unidad de diálisis'),
(7, 'Equipo de fisioterapia'),
(8, 'Autoclave'),
(9, 'Equipo de laboratorio clínico'),
(10, 'Monitor fetal'),
(1, 'Electroencefalógrafo'),
(2, 'Bomba de jeringa'),
(3, 'Cama hospitalaria eléctrica'),
(4, 'Concentrador de oxígeno'),
(5, 'Nebulizador'),
(6, 'Equipo de esterilización'),
(7, 'Carro de curaciones'),
(8, 'Equipo de sutura'),
(9, 'Sistema de video para cirugía'),
(10, 'Equipo de fluoroscopía'),
(1, 'Microscopio óptico'),
(2, 'Equipo de lavado quirúrgico'),
(3, 'Lámpara de examen'),
(4, 'Tensiómetro digital'),
(5, 'Equipos de microbiología'),
(6, 'Equipo de cardiología'),
(7, 'Unidad de cuidados intensivos portátil'),
(8, 'Monitor de signos vitales'),
(9, 'Equipo de química clínica'),
(10, 'Electrocauterio'),
(1, 'Desfibrilador manual'),
(2, 'Unidad de terapia respiratoria'),
(3, 'Mesa auxiliar quirúrgica'),
(4, 'Equipo de anestesia portátil'),
(5, 'Equipo de radioterapia'),
(6, 'Equipo de diagnóstico por imágenes'),
(7, 'Carro de medicamentos'),
(8, 'Equipo de hemodiálisis'),
(9, 'Equipo hematológico'),
(10, 'Terapia de ultrasonido'),
(1, 'Electrocardiógrafo portátil'),
(2, 'Equipo de electromiografía'),
(3, 'Equipo de ventilación no invasiva'),
(4, 'Carro de reanimación'),
(5, 'Tomografía por emisión de positrones'),
(6, 'Unidad móvil de cuidados intensivos'),
(7, 'Equipo de laparoscopía'),
(8, 'Cardiología intervencionista'),
(9, 'Equipo de inmunología'),
(10, 'Equipo de cirugía láser'),
(1, 'Equipo de anestesia general'),
(2, 'Carro de intubación'),
(3, 'Monitor de presión arterial'),
(4, 'Equipo de diagnóstico endoscópico'),
(5, 'Unidad de cuidados paliativos'),
(6, 'Laboratorio de parasitología'),
(7, 'Radiología intervencionista'),
(8, 'Unidad de cuidados neonatales'),
(9, 'Equipo de electroforesis'),
(10, 'Laparoscopía avanzada'),
(1, 'Pulsera de monitoreo cardíaco'),
(2, 'Sonda nasogástrica'),
(3, 'Centrífuga de laboratorio'),
(4, 'Equipo de telemedicina'),
(5, 'Silla quirúrgica hidráulica'),
(6, 'Generador de oxígeno portátil'),
(7, 'Equipo de terapia láser'),
(8, 'Unidad de ultrasonido Doppler'),
(9, 'Carro de paro avanzado'),
(10, 'Equipo de análisis de gases en sangre'),
(1, 'Bomba peristáltica'),
(2, 'Detector de glucosa portátil'),
(3, 'Equipos de tomografía computarizada portátil'),
(4, 'Sistemas de registro digital de pacientes'),
(5, 'Equipo de radiografía digital'),
(6, 'Electrobisturí portátil'),
(7, 'Equipo de ventilación invasiva'),
(8, 'Unidad de anestesia móvil'),
(9, 'Monitor de saturación de oxígeno'),
(10, 'Equipo para electroencefalografía digital');


--------------------------------------------------------------------19
INSERT INTO InventarioEquipamiento (ID_Equipamiento, Cantidad) VALUES
(1, 10),
(2, 15),
(3, 8),
(4, 20),
(5, 5),
(6, 12),
(7, 7),
(8, 18),
(9, 3),
(10, 9),
(11, 14),
(12, 6),
(13, 11),
(14, 16),
(15, 4),
(16, 19),
(17, 10),
(18, 7),
(19, 8),
(20, 13),
(21, 15),
(22, 9),
(23, 12),
(24, 6),
(25, 17),
(26, 11),
(27, 10),
(28, 8),
(29, 14),
(30, 5),
(31, 7),
(32, 13),
(33, 9),
(34, 15),
(35, 4),
(36, 18),
(37, 10),
(38, 11),
(39, 7),
(40, 14),
(41, 6),
(42, 12),
(43, 9),
(44, 15),
(45, 8),
(46, 10),
(47, 13),
(48, 5),
(49, 7),
(50, 11),
(51, 14),
(52, 6),
(53, 10),
(54, 9),
(55, 12),
(56, 7),
(57, 15),
(58, 8),
(59, 13),
(60, 10),
(61, 6),
(62, 14),
(63, 11),
(64, 5),
(65, 9),
(66, 12),
(67, 7),
(68, 15),
(69, 8),
(70, 10),
(71, 13),
(72, 6),
(73, 11),
(74, 9),
(75, 14),
(76, 5),
(77, 12),
(78, 8),
(79, 10),
(80, 13),
(81, 7),
(82, 15),
(83, 9),
(84, 11),
(85, 6),
(86, 10),
(87, 12),
(88, 7),
(89, 14),
(90, 8),
(91, 10),
(92, 13),
(93, 5),
(94, 9),
(95, 12),
(96, 7),
(97, 14),
(98, 10),
(99, 13),
(100, 8);

-------------------------------------------------------------------20

INSERT INTO Habitacion (Numero, Disponible) VALUES
('101', TRUE),
('102', FALSE),
('103', TRUE),
('104', TRUE),
('105', FALSE),
('106', TRUE),
('107', TRUE),
('108', FALSE),
('109', TRUE),
('110', TRUE),
('111', FALSE),
('112', TRUE),
('113', TRUE),
('114', FALSE),
('115', TRUE),
('116', TRUE),
('117', FALSE),
('118', TRUE),
('119', TRUE),
('120', FALSE),
('201', TRUE),
('202', TRUE),
('203', FALSE),
('204', TRUE),
('205', TRUE),
('206', FALSE),
('207', TRUE),
('208', TRUE),
('209', FALSE),
('210', TRUE),
('211', TRUE),
('212', FALSE),
('213', TRUE),
('214', TRUE),
('215', FALSE),
('216', TRUE),
('217', TRUE),
('218', FALSE),
('219', TRUE),
('220', TRUE),
('301', TRUE),
('302', FALSE),
('303', TRUE),
('304', TRUE),
('305', FALSE),
('306', TRUE),
('307', TRUE),
('308', FALSE),
('309', TRUE),
('310', TRUE),
('311', FALSE),
('312', TRUE),
('313', TRUE),
('314', FALSE),
('315', TRUE),
('316', TRUE),
('317', FALSE),
('318', TRUE),
('319', TRUE),
('320', FALSE),
('A01', TRUE),
('A02', TRUE),
('A03', FALSE),
('A04', TRUE),
('A05', TRUE),
('A06', FALSE),
('A07', TRUE),
('A08', TRUE),
('A09', FALSE),
('A10', TRUE),
('B01', TRUE),
('B02', FALSE),
('B03', TRUE),
('B04', TRUE),
('B05', FALSE),
('B06', TRUE),
('B07', TRUE),
('B08', FALSE),
('B09', TRUE),
('B10', TRUE),
('C01', FALSE),
('C02', TRUE),
('C03', TRUE),
('C04', FALSE),
('C05', TRUE),
('C06', TRUE),
('C07', FALSE),
('C08', TRUE),
('C09', TRUE),
('C10', FALSE),
('C11', TRUE),
('C12', FALSE),
('C13', TRUE),
('C14', TRUE),
('C15', FALSE),
('C16', TRUE),
('C17', TRUE),
('C18', FALSE),
('C19', TRUE),
('C20', TRUE);

---------------------------------------------------------------21

INSERT INTO Hospitalizacion (ID_Paciente, ID_Habitacion, ID_Medico, FechaIngreso, FechaAlta) VALUES
(1, 1, 1, '2024-01-05', '2024-01-15'),
(2, 2, 2, '2024-01-10', NULL),
(3, 3, 3, '2024-01-12', '2024-01-20'),
(4, 4, 4, '2024-01-15', '2024-01-22'),
(5, 5, 5, '2024-01-18', NULL),
(6, 6, 6, '2024-01-20', '2024-01-25'),
(7, 7, 7, '2024-01-22', '2024-01-30'),
(8, 8, 8, '2024-01-25', NULL),
(9, 9, 9, '2024-01-27', '2024-02-05'),
(10, 10, 10, '2024-01-30', '2024-02-08'),
(11, 11, 11, '2024-02-01', NULL),
(12, 12, 12, '2024-02-03', '2024-02-12'),
(13, 13, 13, '2024-02-05', '2024-02-14'),
(14, 14, 14, '2024-02-08', NULL),
(15, 15, 15, '2024-02-10', '2024-02-18'),
(16, 16, 16, '2024-02-12', '2024-02-20'),
(17, 17, 17, '2024-02-15', NULL),
(18, 18, 18, '2024-02-18', '2024-02-26'),
(19, 19, 19, '2024-02-20', '2024-02-28'),
(20, 20, 20, '2024-02-22', NULL),
(21, 21, 21, '2024-02-25', '2024-03-04'),
(22, 22, 22, '2024-02-27', '2024-03-07'),
(23, 23, 23, '2024-03-01', NULL),
(24, 24, 24, '2024-03-03', '2024-03-12'),
(25, 25, 25, '2024-03-05', '2024-03-14'),
(26, 26, 26, '2024-03-08', NULL),
(27, 27, 27, '2024-03-10', '2024-03-18'),
(28, 28, 28, '2024-03-12', '2024-03-20'),
(29, 29, 29, '2024-03-15', NULL),
(30, 30, 30, '2024-03-17', '2024-03-25'),
(31, 31, 31, '2024-03-19', '2024-03-28'),
(32, 32, 32, '2024-03-22', NULL),
(33, 33, 33, '2024-03-24', '2024-04-02'),
(34, 34, 34, '2024-03-26', '2024-04-04'),
(35, 35, 35, '2024-03-29', NULL),
(36, 36, 36, '2024-03-31', '2024-04-08'),
(37, 37, 37, '2024-04-02', '2024-04-10'),
(38, 38, 38, '2024-04-05', NULL),
(39, 39, 39, '2024-04-07', '2024-04-15'),
(40, 40, 40, '2024-04-09', '2024-04-17'),
(41, 41, 41, '2024-04-12', NULL),
(42, 42, 42, '2024-04-14', '2024-04-22'),
(43, 43, 43, '2024-04-16', '2024-04-24'),
(44, 44, 44, '2024-04-19', NULL),
(45, 45, 45, '2024-04-21', '2024-04-29'),
(46, 46, 46, '2024-04-23', '2024-05-01'),
(47, 47, 47, '2024-04-26', NULL),
(48, 48, 48, '2024-04-28', '2024-05-06'),
(49, 49, 49, '2024-04-30', '2024-05-08'),
(50, 50, 50, '2024-05-02', NULL),
(51, 1, 1, '2024-05-04', '2024-05-12'),
(52, 2, 2, '2024-05-06', '2024-05-14'),
(53, 3, 3, '2024-05-08', NULL),
(54, 4, 4, '2024-05-10', '2024-05-18'),
(55, 5, 5, '2024-05-12', '2024-05-20'),
(56, 6, 6, '2024-05-14', NULL),
(57, 7, 7, '2024-05-16', '2024-05-24'),
(58, 8, 8, '2024-05-18', '2024-05-26'),
(59, 9, 9, '2024-05-20', NULL),
(60, 10, 10, '2024-05-22', '2024-05-30'),
(61, 11, 11, '2024-05-24', '2024-06-01'),
(62, 12, 12, '2024-05-26', NULL),
(63, 13, 13, '2024-05-28', '2024-06-05'),
(64, 14, 14, '2024-05-30', '2024-06-07'),
(65, 15, 15, '2024-06-01', NULL),
(66, 16, 16, '2024-06-03', '2024-06-11'),
(67, 17, 17, '2024-06-05', '2024-06-13'),
(68, 18, 18, '2024-06-07', NULL),
(69, 19, 19, '2024-06-09', '2024-06-17'),
(70, 20, 20, '2024-06-11', '2024-06-19'),
(71, 21, 21, '2024-06-13', NULL),
(72, 22, 22, '2024-06-15', '2024-06-23'),
(73, 23, 23, '2024-06-17', '2024-06-25'),
(74, 24, 24, '2024-06-19', NULL),
(75, 25, 25, '2024-06-21', '2024-06-29'),
(76, 26, 26, '2024-06-23', '2024-07-01'),
(77, 27, 27, '2024-06-25', NULL),
(78, 28, 28, '2024-06-27', '2024-07-05'),
(79, 29, 29, '2024-06-29', '2024-07-07'),
(80, 30, 30, '2024-07-01', NULL),
(81, 31, 31, '2024-07-03', '2024-07-11'),
(82, 32, 32, '2024-07-05', '2024-07-13'),
(83, 33, 33, '2024-07-07', NULL),
(84, 34, 34, '2024-07-09', '2024-07-17'),
(85, 35, 35, '2024-07-11', '2024-07-19'),
(86, 36, 36, '2024-07-13', NULL),
(87, 37, 37, '2024-07-15', '2024-07-23'),
(88, 38, 38, '2024-07-17', '2024-07-25'),
(89, 39, 39, '2024-07-19', NULL),
(90, 40, 40, '2024-07-21', '2024-07-29'),
(91, 41, 41, '2024-07-23', '2024-07-31'),
(92, 42, 42, '2024-07-25', NULL),
(93, 43, 43, '2024-07-27', '2024-08-04'),
(94, 44, 44, '2024-07-29', '2024-08-06'),
(95, 45, 45, '2024-07-31', NULL),
(96, 46, 46, '2024-08-02', '2024-08-10'),
(97, 47, 47, '2024-08-04', '2024-08-12'),
(98, 48, 48, '2024-08-06', NULL),
(99, 49, 49, '2024-08-08', '2024-08-16'),
(100, 50, 50, '2024-08-10', NULL);
--------------------------------------------------------------22

INSERT INTO ResultadoExamen (ID_Persona, ID_TipoExamen, Resultado) VALUES
(1, 1, 'Glucosa: 90 mg/dL, dentro de límites normales'),
(2, 2, 'Colesterol total: 180 mg/dL, nivel saludable'),
(3, 3, 'Hemoglobina: 14 g/dL, valor normal'),
(4, 4, 'Rayos X pulmonares sin anomalías'),
(5, 5, 'ECG con ritmo sinusal normal'),
(6, 1, 'Glucosa: 110 mg/dL, leve alteración'),
(7, 2, 'Colesterol LDL alto, se recomienda dieta'),
(8, 3, 'Hemoglobina baja, anemia leve'),
(9, 4, 'Radiografía muestra ligera inflamación'),
(10, 5, 'ECG con extrasístoles aisladas'),
(11, 1, 'Glucosa: 95 mg/dL, normal'),
(12, 2, 'Colesterol total: 190 mg/dL, normal'),
(13, 3, 'Hemoglobina: 13.5 g/dL, normal'),
(14, 4, 'Radiografía sin hallazgos'),
(15, 5, 'ECG normal'),
(16, 1, 'Glucosa: 100 mg/dL, en rango límite'),
(17, 2, 'Colesterol HDL bajo, recomendable ejercicio'),
(18, 3, 'Hemoglobina: 15 g/dL, dentro de rango'),
(19, 4, 'Radiografía con ligera opacidad'),
(20, 5, 'ECG muestra ritmo irregular'),
(21, 1, 'Glucosa: 85 mg/dL, normal'),
(22, 2, 'Colesterol total: 170 mg/dL, saludable'),
(23, 3, 'Hemoglobina: 14.2 g/dL, normal'),
(24, 4, 'Radiografía sin alteraciones'),
(25, 5, 'ECG normal'),
(26, 1, 'Glucosa: 105 mg/dL, leve alteración'),
(27, 2, 'Colesterol LDL alto, dieta necesaria'),
(28, 3, 'Hemoglobina baja, posible anemia'),
(29, 4, 'Radiografía con inflamación leve'),
(30, 5, 'ECG con extrasístoles'),
(31, 1, 'Glucosa: 92 mg/dL, normal'),
(32, 2, 'Colesterol total: 185 mg/dL, saludable'),
(33, 3, 'Hemoglobina: 13.8 g/dL, normal'),
(34, 4, 'Radiografía sin hallazgos'),
(35, 5, 'ECG normal'),
(36, 1, 'Glucosa: 99 mg/dL, límite alto'),
(37, 2, 'Colesterol HDL bajo, mejorar dieta'),
(38, 3, 'Hemoglobina: 15.2 g/dL, normal'),
(39, 4, 'Radiografía con opacidad leve'),
(40, 5, 'ECG con ritmo irregular'),
(41, 1, 'Glucosa: 88 mg/dL, normal'),
(42, 2, 'Colesterol total: 178 mg/dL, saludable'),
(43, 3, 'Hemoglobina: 14.1 g/dL, normal'),
(44, 4, 'Radiografía sin alteraciones'),
(45, 5, 'ECG normal'),
(46, 1, 'Glucosa: 107 mg/dL, alteración leve'),
(47, 2, 'Colesterol LDL alto, dieta recomendada'),
(48, 3, 'Hemoglobina baja, anemia leve'),
(49, 4, 'Radiografía con inflamación leve'),
(50, 5, 'ECG con extrasístoles'),
(51, 1, 'Glucosa: 94 mg/dL, normal'),
(52, 2, 'Colesterol total: 182 mg/dL, saludable'),
(53, 3, 'Hemoglobina: 13.9 g/dL, normal'),
(54, 4, 'Radiografía sin hallazgos'),
(55, 5, 'ECG normal'),
(56, 1, 'Glucosa: 101 mg/dL, límite alto'),
(57, 2, 'Colesterol HDL bajo, mejorar dieta'),
(58, 3, 'Hemoglobina: 15.1 g/dL, normal'),
(59, 4, 'Radiografía con opacidad leve'),
(60, 5, 'ECG con ritmo irregular'),
(61, 1, 'Glucosa: 89 mg/dL, normal'),
(62, 2, 'Colesterol total: 176 mg/dL, saludable'),
(63, 3, 'Hemoglobina: 14 g/dL, normal'),
(64, 4, 'Radiografía sin alteraciones'),
(65, 5, 'ECG normal'),
(66, 1, 'Glucosa: 108 mg/dL, alteración leve'),
(67, 2, 'Colesterol LDL alto, dieta necesaria'),
(68, 3, 'Hemoglobina baja, posible anemia'),
(69, 4, 'Radiografía con inflamación leve'),
(70, 5, 'ECG con extrasístoles'),
(71, 1, 'Glucosa: 93 mg/dL, normal'),
(72, 2, 'Colesterol total: 184 mg/dL, saludable'),
(73, 3, 'Hemoglobina: 13.7 g/dL, normal'),
(74, 4, 'Radiografía sin hallazgos'),
(75, 5, 'ECG normal'),
(76, 1, 'Glucosa: 100 mg/dL, límite alto'),
(77, 2, 'Colesterol HDL bajo, mejorar dieta'),
(78, 3, 'Hemoglobina: 15 g/dL, normal'),
(79, 4, 'Radiografía con opacidad leve'),
(80, 5, 'ECG con ritmo irregular'),
(81, 1, 'Glucosa: 87 mg/dL, normal'),
(82, 2, 'Colesterol total: 177 mg/dL, saludable'),
(83, 3, 'Hemoglobina: 14.3 g/dL, normal'),
(84, 4, 'Radiografía sin alteraciones'),
(85, 5, 'ECG normal'),
(86, 1, 'Glucosa: 106 mg/dL, alteración leve'),
(87, 2, 'Colesterol LDL alto, dieta recomendada'),
(88, 3, 'Hemoglobina baja, anemia leve'),
(89, 4, 'Radiografía con inflamación leve'),
(90, 5, 'ECG con extrasístoles'),
(91, 1, 'Glucosa: 95 mg/dL, normal'),
(92, 2, 'Colesterol total: 181 mg/dL, saludable'),
(93, 3, 'Hemoglobina: 13.6 g/dL, normal'),
(94, 4, 'Radiografía sin hallazgos'),
(95, 5, 'ECG normal'),
(96, 1, 'Glucosa: 102 mg/dL, límite alto'),
(97, 2, 'Colesterol HDL bajo, mejorar dieta'),
(98, 3, 'Hemoglobina: 15.3 g/dL, normal'),
(99, 4, 'Radiografía con opacidad leve'),
(100, 5, 'ECG con ritmo irregular');
